model,params_m,gflops,gmacs,size_mb,input_size,runs,energy_avg_mwh,duration_avg_s,energy_run1_mwh,energy_run2_mwh,energy_run3_mwh,duration_run1_s,duration_run2_s,duration_run3_s
convnextv2_atto,3.708,1.095,0.547,14.19,3x224x224,3,4.611165,5.537374,4.814608,4.703534,4.315354,5.50004,5.492004,5.620078
convnextv2_femto,5.233,1.559,0.78,20.01,3x224x224,3,5.912482,6.6655,5.772345,6.242924,5.722177,6.612185,6.620178,6.764136
convnextv2_pico,9.066,2.734,1.367,34.63,3x224x224,3,9.444861,9.940316,9.292011,9.655454,9.387118,9.980327,9.940336,9.900284
deit_small_patch16_224,22.051,8.482,4.241,84.17,3x224x224,3,16.886641,15.681934,16.817465,16.691479,17.150979,15.740607,15.652622,15.652572
deit_tiny_patch16_224,5.717,2.15,1.075,21.86,3x224x224,3,5.509666,5.886788,5.616315,5.40815,5.504533,5.860129,5.980119,5.820116
ecaresnet26t,16.012,5.166,2.583,61.26,3x224x224,3,14.578351,14.919242,14.234936,14.655938,14.844179,14.860603,15.052564,14.844559
ecaresnet50t,25.574,8.69,4.345,97.87,3x224x224,3,23.147389,23.898363,22.547466,22.987668,23.907033,23.621006,23.941046,24.133038
edgenext_x_small,2.337,0.815,0.408,8.99,3x224x224,3,3.836134,4.177344,3.68993,3.79026,4.028214,4.180063,4.171949,4.180021
efficientformer_l1,12.29,2.621,1.31,47.12,3x224x224,3,8.881152,10.174967,8.426297,9.261106,8.956052,10.14028,10.220308,10.164313
efficientformer_l3,31.406,7.881,3.94,120.25,3x224x224,3,24.009803,24.738382,23.543973,24.465363,24.020074,24.781044,24.741041,24.693061
efficientnet_b4,19.342,3.008,1.504,74.49,3x224x224,3,20.699612,22.642311,20.688068,20.197852,21.212915,22.420952,22.621001,22.88498
efficientnet_em,6.899,5.227,2.613,26.7,3x224x224,3,16.236649,16.508654,15.546023,16.721095,16.44283,16.460673,16.532667,16.532621
efficientnet_es,5.438,3.578,1.789,21.04,3x224x224,3,11.28078,11.657759,11.176941,11.046065,11.619334,11.580414,11.652427,11.740436
efficientnet_lite0,4.652,0.771,0.385,18.0,3x224x224,3,6.248456,7.393494,6.2113,6.285249,6.24882,7.300199,7.460171,7.420111
efficientnet_lite1,5.417,1.005,0.503,20.99,3x224x224,3,7.998725,9.270926,7.800512,7.83543,8.360231,9.30026,9.252216,9.260301
efficientnet_lite2,6.092,1.153,0.577,23.58,3x224x224,3,8.614182,9.873612,8.722203,8.598696,8.521646,9.900321,9.860308,9.860206
efficientnet_lite3,8.197,1.704,0.852,31.7,3x224x224,3,12.084647,13.961867,11.792774,12.207219,12.253949,13.820509,13.980541,14.084551
efficientvit_b0,3.41,0.211,0.106,13.11,3x224x224,3,10.946804,10.668311,10.928178,10.999545,10.912689,10.612282,10.700348,10.692303
efficientvit_b1,9.102,1.057,0.528,34.88,3x224x224,3,25.678715,32.30409,25.116943,26.085938,25.833264,31.965362,32.301462,32.645446
fastvit_t12,7.554,2.159,1.08,29.17,3x224x224,3,44.159546,49.083721,44.044148,43.837704,44.596786,48.854347,49.294399,49.102418
fastvit_t8,4.026,1.07,0.535,15.63,3x224x224,3,27.261566,29.517339,26.69112,27.556481,27.537095,29.445269,29.573355,29.533393
fbnetv3_b,8.598,0.811,0.406,33.16,3x224x224,3,26.074534,30.962744,26.645599,25.736369,25.841634,30.861358,31.005417,31.021457
fbnetv3_d,10.306,1.0,0.5,39.74,3x224x224,3,32.568834,36.501664,32.825659,32.342877,32.537966,36.381736,36.501584,36.621672
ghostnet_050,2.587,0.096,0.048,10.08,3x224x224,3,9.956893,8.097561,9.816439,9.944975,10.109264,8.020231,8.092217,8.180233
ghostnet_130,7.359,0.488,0.244,28.35,3x224x224,3,21.171558,24.762427,20.426838,21.652913,21.434923,24.373073,24.901137,25.013069
lcnet_050,1.881,0.087,0.043,7.25,3x224x224,3,4.35743,5.297397,4.27061,4.292673,4.509006,5.300028,5.340057,5.252105
lcnet_100,2.954,0.309,0.154,11.37,3x224x224,3,9.081525,11.215071,9.307461,9.003735,8.93338,11.2204,11.220394,11.204419
levit_128,9.214,0.742,0.371,35.47,3x224x224,3,9.806846,11.241702,9.826373,9.829509,9.764656,11.220355,11.220385,11.284368
levit_128s,7.777,0.571,0.285,29.93,3x224x224,3,7.282509,8.374915,6.958439,7.410697,7.47839,8.340234,8.380255,8.404256
mixnet_m,5.014,0.678,0.339,19.44,3x224x224,3,40.275863,44.304749,39.113852,40.109097,41.604639,43.542079,44.526076,44.846091
mixnet_s,4.135,0.479,0.239,16.02,3x224x224,3,26.37796,31.194738,26.070912,26.353484,26.709484,31.013339,31.285411,31.285465
mnasnet_075,3.17,0.431,0.216,12.31,3x224x224,3,16.945573,19.519478,16.789524,16.934977,17.112219,19.380837,19.484788,19.692809
mnasnet_140,7.116,1.178,0.589,27.44,3x224x224,3,31.016159,34.032168,31.042975,30.830388,31.175114,33.733423,34.22157,34.14151
mobilenetv1_100,4.232,1.138,0.569,16.28,3x224x224,3,22.711906,25.306463,22.221199,22.700713,23.213807,25.125138,25.373135,25.421115
mobilenetv2_075,2.636,0.418,0.209,10.26,3x224x224,3,21.019714,23.965034,20.933403,21.166287,20.959453,23.813025,24.02101,24.061068
mobilenetv2_140,6.109,1.165,0.582,23.59,3x224x224,3,37.30942,41.202711,36.91811,37.100113,37.910038,41.013381,41.253355,41.341398
mobilenetv3_large_075,3.994,0.307,0.153,15.41,3x224x224,3,14.926802,17.745875,14.947248,14.840732,14.992424,17.740573,17.692559,17.804492
mobileone_s0,5.293,2.104,1.052,20.98,3x224x224,3,59.499263,63.433317,58.315217,59.966751,60.215821,62.774547,63.806655,63.718749
mobilevit_s,5.579,2.842,1.421,21.44,3x224x224,3,65.761502,67.625669,65.409005,65.421651,66.453849,67.286906,67.823028,67.767073
mobilevit_xs,2.318,1.412,0.706,8.98,3x224x224,3,47.031247,47.880796,46.816896,47.145989,47.130857,47.766117,47.934124,47.942149
mobilevit_xxs,1.272,0.514,0.257,4.98,3x224x224,3,16.756063,18.642017,16.278156,16.949244,17.040791,18.46072,18.652679,18.812651
nfnet_f0,71.489,0.051,0.025,272.78,3x224x224,3,198.035068,178.556748,196.968899,197.511125,199.625178,178.132599,178.724787,178.812856
regnetx_016,9.19,3.206,1.603,35.33,3x224x224,3,42.441455,42.30195,42.705651,42.140469,42.478246,42.205961,42.325924,42.373965
regnetx_032,15.297,6.353,3.177,58.75,3x224x224,3,70.658122,66.143054,69.418215,71.466345,71.089806,66.375125,66.08717,65.966867
regnetx_040,22.118,7.929,3.965,84.81,3x224x224,3,94.085545,84.826509,93.685817,94.187057,94.383762,84.367796,84.85582,85.255912
regnety_016,11.202,3.224,1.612,43.13,3x224x224,3,42.530726,43.957926,41.660065,42.513098,43.419015,43.693925,44.013915,44.165937
regnety_032,19.436,6.353,3.177,74.55,3x224x224,3,71.388524,67.097752,70.773408,71.48136,71.910804,66.823073,67.047082,67.4231
regnety_040,20.647,7.947,3.973,79.17,3x224x224,3,106.577576,101.051463,106.483501,107.313352,105.935875,100.368714,101.008822,101.776854
repvgg_a0,9.109,3.025,1.513,34.96,3x224x224,3,24.575185,24.570329,24.578317,24.739049,24.408189,24.412955,24.645057,24.652975
repvgg_a1,14.092,5.253,2.627,53.99,3x224x224,3,40.684658,39.445713,39.889923,41.218698,40.945354,38.861733,39.581689,39.893717
resnet10t,5.435,2.214,1.107,20.78,3x224x224,3,19.600021,19.479411,19.692775,18.625605,20.481682,19.372749,19.564697,19.500786
resnet14t,10.082,3.401,1.7,38.57,3x224x224,3,36.758987,40.384427,36.04499,38.512167,35.719805,39.78177,40.565768,40.805741
resnet26t,16.012,5.166,2.583,61.26,3x224x224,3,54.000111,58.361365,53.447059,54.154939,54.398336,57.974636,58.526739,58.58272
resnet50t,25.574,8.69,4.345,97.86,3x224x224,3,84.965706,87.557348,84.91106,84.51313,85.472927,87.255979,87.856039,87.560028
semnasnet_075,2.912,0.447,0.224,11.32,3x224x224,3,21.180234,23.871597,20.560149,21.15162,21.828932,23.700919,23.820892,24.09298
semnasnet_100,3.887,0.623,0.312,15.06,3x224x224,3,23.148868,26.471743,22.002767,23.528554,23.915282,26.213015,26.501099,26.701115
tf_efficientnet_b0,5.289,0.737,0.368,20.45,3x224x224,3,31.21266,34.029425,30.534034,31.992091,31.111856,33.541455,34.093421,34.453401
tf_efficientnet_b1,7.794,1.104,0.552,30.13,3x224x224,3,43.933978,45.454032,42.965549,43.74553,45.090856,45.262013,45.574042,45.52604
tf_efficientnet_b2,9.11,1.283,0.641,35.17,3x224x224,3,47.180841,47.880795,46.200413,47.510201,47.83191,47.782127,47.886097,47.974162
tf_efficientnet_b3,12.233,1.88,0.94,47.18,3x224x224,3,68.278624,67.801809,68.05309,69.085956,67.696828,67.735118,67.807134,67.863174
tf_efficientnet_b4,19.342,2.956,1.478,74.49,3x224x224,3,85.749728,87.86678,85.236042,85.712505,86.300638,87.848119,87.896078,87.856145
tiny_vit_11m_224,20.355,3.822,1.911,77.8,3x224x224,3,55.781139,59.174739,55.006645,54.936571,57.400202,58.934716,59.222758,59.366744
tiny_vit_21m_224,33.224,8.183,4.091,126.91,3x224x224,3,106.731588,91.653381,103.258946,107.772103,109.163713,91.607893,91.696035,91.656215
tiny_vit_5m_224,12.083,2.382,1.191,46.23,3x224x224,3,48.237548,47.187381,48.297378,48.264977,48.150288,47.094063,47.222056,47.246025
tinynet_a,6.188,0.916,0.458,23.94,3x224x224,3,35.416457,33.853467,35.408646,35.317278,35.523447,33.941403,33.885463,33.733534
tinynet_b,3.731,0.552,0.276,14.47,3x224x224,3,29.365655,27.951837,29.213946,29.260621,29.622399,27.901211,27.85316,28.10114
tinynet_c,2.457,0.28,0.14,9.56,3x224x224,3,18.610454,18.084724,18.377896,18.887779,18.565688,18.140707,18.100733,18.01273
vit_small_patch16_224,22.051,8.482,4.241,84.17,3x224x224,3,72.379638,50.352781,69.325042,72.601519,75.212352,50.28517,50.521598,50.251573
densenet169,14.149,6.72,3.36,54.94,3x224x224,3,88.126327,82.63422,87.176968,87.539974,89.662039,82.453248,82.622134,82.827277
edgenext_base,18.511,5.851,2.926,70.69,3x224x224,3,51.541598,41.933131,48.793139,52.329212,53.502443,42.06199,41.9251,41.812302
mobilenetv2_035,1.677,0.119,0.059,6.55,3x224x224,3,9.858763,10.775543,9.875576,9.871835,9.828877,10.779944,10.763926,10.782759
regnetx_006,6.196,1.202,0.601,23.87,3x224x224,3,19.864203,18.791946,19.54956,20.390554,19.652494,18.901814,18.70112,18.772903
regnetx_008,7.26,1.599,0.8,27.94,3x224x224,3,30.47931,28.799112,30.635229,30.756535,30.046165,28.852001,28.900542,28.644793
regnety_008,6.263,1.594,0.797,24.12,3x224x224,3,31.94301,30.311797,31.733009,32.225474,31.870548,30.380982,30.261098,30.293311
mobilenetv2_050,1.969,0.194,0.097,7.68,3x224x224,3,12.629341,19.215394,12.485132,12.578875,12.824015,19.172713,19.252744,19.220725
mobilenetv2_100,3.505,0.602,0.301,13.6,3x224x224,3,14.709944,20.11944,14.789489,14.802454,14.537888,20.212796,19.820751,20.324772
mobilenetv3_small_050,1.593,0.046,0.023,6.18,3x224x224,3,5.542984,8.438828,5.605136,5.514021,5.509796,8.452146,8.692192,8.172146
mobilenetv3_small_075,2.042,0.085,0.042,7.9,3x224x224,3,7.69532,11.801652,7.640021,7.556212,7.889728,11.972321,11.740324,11.692313
mobilenetv3_small_100,2.543,0.111,0.056,9.82,3x224x224,3,8.071931,12.175008,8.001897,8.153979,8.059917,12.10032,12.260363,12.164342
mobilenetv3_large_100,5.483,0.431,0.215,21.11,3x224x224,3,13.80146,19.306026,13.395593,14.172568,13.836219,19.172686,19.372705,19.372688
mnasnet_100,4.383,0.629,0.314,16.96,3x224x224,3,15.287131,20.322054,15.049642,15.158393,15.653359,20.404733,20.340711,20.220719
ghostnet_100,5.183,0.308,0.154,20.02,3x224x224,3,18.022648,26.509028,18.08398,18.446306,17.537657,26.42102,26.741042,26.365021
efficientnet_b0,5.289,0.772,0.386,20.45,3x224x224,3,18.478958,24.852967,18.468569,18.495076,18.473229,24.940975,24.932958,24.684968
efficientnet_b1,7.794,1.139,0.57,30.13,3x224x224,3,25.328241,31.266593,25.856949,25.071084,25.056688,31.213257,31.165257,31.421264
efficientnet_b2,9.11,1.318,0.659,35.17,3x224x224,3,24.7531,33.469351,24.119264,25.111557,25.028479,33.33334,33.18133,33.893382
efficientnet_b3,12.233,1.926,0.963,47.18,3x224x224,3,29.940228,39.890981,30.168996,29.283599,30.368087,40.365686,38.933598,40.373658
resnet18,11.69,3.648,1.824,44.67,3x224x224,3,16.002088,16.201857,16.244801,15.953107,15.808355,16.172512,16.212544,16.220514
resnet34,21.798,7.357,3.679,83.28,3x224x224,3,28.148887,27.119706,28.331779,27.683261,28.431622,26.933034,27.285016,27.141068
resnet50,25.557,8.267,4.134,97.79,3x224x224,3,31.50578,28.631786,32.209802,31.077948,31.229589,28.693144,28.621082,28.581131
densenet121,7.979,5.669,2.834,31.01,3x224x224,3,36.35101,35.714775,36.437001,36.20611,36.409919,35.901437,35.621437,35.621452
convnext_tiny,28.589,8.911,4.456,109.12,3x224x224,3,46.91719,67.372291,48.433937,45.791311,46.526323,67.494977,67.118937,67.502959
convnext_small,50.224,17.368,8.684,191.71,3x224x224,3,80.162733,122.838917,81.50665,79.320034,79.661515,122.649582,122.289566,123.577602
edgenext_small,5.587,1.92,0.96,21.38,3x224x224,3,17.991197,35.835063,17.607385,18.376042,17.990164,36.085758,35.605739,35.813692
regnetx_002,2.685,0.398,0.199,10.4,3x224x224,3,8.194712,11.999027,8.16759,8.35621,8.060336,11.932367,12.132375,11.93234
regnetx_004,5.158,0.795,0.398,19.95,3x224x224,3,12.345255,16.124602,11.885262,12.536058,12.614447,16.220598,15.972612,16.180597
regnety_002,3.163,0.399,0.2,12.25,3x224x224,3,8.520918,11.924359,8.44415,8.393702,8.724901,11.892358,11.980352,11.900367
regnety_004,4.344,0.804,0.402,16.8,3x224x224,3,5.89843,4.033284,5.826813,5.978386,5.890092,4.059964,4.019939,4.019948
regnety_006,6.055,1.203,0.601,23.33,3x224x224,3,9.814284,10.924306,9.621586,9.914343,9.906923,11.164321,10.724297,10.884298
swin_tiny_patch4_window7_224,28.288,8.744,4.372,107.97,3x224x224,3,41.417042,66.77256,41.211644,40.93062,42.108861,66.975243,66.583269,66.759169
swin_small_patch4_window7_224,49.606,17.09,8.545,189.35,3x224x224,3,74.810245,129.002246,74.721586,75.675589,74.033559,128.618275,129.258268,129.130195
vgg11,132.863,15.218,7.609,506.84,3x224x224,3,56.291924,39.893738,56.500886,57.064622,55.310262,39.565695,39.861731,40.25379
convnext_base,88.591,30.71,15.355,338.07,3x224x224,3,65.536018,53.854231,63.585163,65.584675,67.438215,53.862162,53.606213,54.094318
vgg13,133.048,22.617,11.308,507.55,3x224x224,3,234.440897,146.929642,231.535241,235.902491,235.884959,140.554153,147.814739,152.420034
edgenext_xx_small.in1k,1.327,0.394,0.197,5.12,3x224x224,3,6.24449,7.052207,6.196917,6.324817,6.211736,7.052161,7.044231,7.060228
mobilenetv3_small_050.lamb_in1k,1.593,0.046,0.023,6.18,3x224x224,3,4.664474,3.820035,4.662145,4.689055,4.642224,3.820038,3.820026,3.820041
hf_hub:timm/mobilenetv3_small_050.lamb_in1k,1.593,0.046,0.023,6.18,3x224x224,3,4.675314,3.809318,4.677116,4.676365,4.672462,3.812023,3.811963,3.803967
mobilenetv2_050.lamb_in1k,1.969,0.194,0.097,7.68,3x224x224,3,15.050931,12.369852,14.866569,15.026394,15.259829,12.364519,12.380512,12.364525
hf_hub:timm/mobilenetv2_050.lamb_in1k,1.969,0.194,0.097,7.68,3x224x224,3,15.229143,12.257829,15.139767,15.347325,15.200337,12.260492,12.252489,12.260505
mobilenetv3_small_075.lamb_in1k,2.042,0.085,0.042,7.9,3x224x224,3,6.376424,4.934704,6.332047,6.431034,6.366192,4.94008,4.93202,4.932012
hf_hub:timm/mobilenetv3_small_075.lamb_in1k,2.042,0.085,0.042,7.9,3x224x224,3,6.262138,4.986754,6.048274,6.416909,6.321232,4.938362,5.01086,5.011039
convnext_zepto_rms.ra4_e3600_r224_in1k,2.156,0.604,0.302,8.26,3x224x224,3,13.341265,13.791175,13.403316,13.230648,13.389831,13.820598,13.812491,13.740436
convnext_zepto_rms_ols.ra4_e3600_r224_in1k,2.164,0.674,0.337,8.29,3x224x224,3,14.628746,16.071232,13.96561,14.552097,15.368532,16.06059,16.052556,16.100552
mobilenetv4_conv_small_050.e3000_r224_in1k,2.239,0.127,0.063,8.69,3x224x224,3,6.170769,4.705312,6.192595,6.11363,6.206082,4.692017,4.699965,4.723956
hf_hub:timm/mobilevit_xs.cvnets_in1k,2.318,1.412,0.706,8.98,3x224x224,3,57.011718,43.882404,57.446995,56.766682,56.821478,42.612972,43.453037,45.581202
edgenext_x_small.in1k,2.337,0.815,0.408,8.99,3x224x224,3,12.319357,11.225504,12.159418,12.47984,12.318812,11.212162,11.204166,11.260184
hf_hub:timm/edgenext_x_small.in1k,2.337,0.815,0.408,8.99,3x224x224,3,12.205028,11.297494,12.178322,12.090434,12.346328,11.372133,11.300167,11.220183
mobilenetv3_small_100.lamb_in1k,2.543,0.111,0.056,9.82,3x224x224,3,7.27092,5.483968,7.348745,7.242987,7.221028,5.539981,5.459936,5.451987
hf_hub:timm/mobilenetv3_small_100.lamb_in1k,2.543,0.111,0.056,9.82,3x224x224,3,7.358573,5.505325,7.273948,7.397839,7.403931,5.500012,5.523941,5.492022
regnetx_002.pycls_in1k,2.685,0.398,0.199,10.41,3x224x224,3,12.89105,9.198769,12.916184,12.987685,12.769281,9.140153,9.21209,9.244063
hf_hub:timm/regnetx_002.pycls_in1k,2.685,0.398,0.199,10.41,3x224x224,3,12.485673,9.217442,12.661672,12.311968,12.483379,9.10015,9.292084,9.260091
regnety_002.pycls_in1k,3.163,0.399,0.2,12.25,3x224x224,3,13.678438,9.934807,13.374944,13.881791,13.778578,9.964179,9.860079,9.980162
hf_hub:timm/regnety_002.pycls_in1k,3.163,0.399,0.2,12.25,3x224x224,3,13.097989,9.857473,13.003998,13.165575,13.124392,9.812106,9.900185,9.860127
convnextv2_atto.fcmae,3.387,1.094,0.547,12.97,3x224x224,3,18.087187,16.084725,18.027493,17.941713,18.292355,16.060378,16.060923,16.132875
mobilenetv2_100.ra_in1k,3.505,0.602,0.301,13.6,3x224x224,3,27.118514,25.360072,27.113874,27.094298,27.147369,25.373485,25.365376,25.341355
hf_hub:timm/mobilenetv2_100.ra_in1k,3.505,0.602,0.301,13.6,3x224x224,3,26.876437,25.309187,26.391804,27.125369,27.112138,25.261193,25.365241,25.301129
convnext_atto.d2_in1k,3.696,1.095,0.547,14.14,3x224x224,3,13.53574,11.993729,13.873779,13.399662,13.333779,11.860341,12.06045,12.060395
convnext_atto_ols.a2_in1k,3.703,1.153,0.577,14.17,3x224x224,3,15.093006,13.751086,14.921786,15.056244,15.300987,13.780467,13.740409,13.73238
mobilenetv4_conv_small.e1200_r224_in1k,3.774,0.37,0.185,14.59,3x224x224,3,9.693249,7.670827,9.362793,10.102663,9.614291,7.900187,7.532151,7.580144
mobilenetv1_100.ra4_e3600_r224_in1k,4.232,1.138,0.569,16.28,3x224x224,3,24.881702,23.604855,25.030903,24.869625,24.744578,23.460904,23.572856,23.780805
regnety_004.pycls_in1k,4.344,0.804,0.402,16.8,3x224x224,3,21.23037,17.244563,21.826948,21.451525,20.412638,16.852556,17.060531,17.820601
hf_hub:timm/regnety_004.pycls_in1k,4.344,0.804,0.402,16.8,3x224x224,3,18.39672,18.519214,18.785797,18.01038,18.393983,18.484559,18.500534,18.572549
mobilenetv2_110d.ra_in1k,4.517,0.861,0.431,17.54,3x224x224,3,34.74902,32.671824,34.060404,34.91227,35.274385,32.301118,32.461144,33.25321
efficientnet_lite0.ra_in1k,4.652,0.771,0.385,18.0,3x224x224,3,25.759155,26.582469,24.958552,26.053053,26.26586,26.540817,26.604974,26.601616
hf_hub:timm/efficientnet_lite0.ra_in1k,4.652,0.771,0.385,18.0,3x224x224,3,25.774725,26.302507,25.729569,25.73552,25.859086,26.283304,26.284017,26.3402
hf_hub:timm/tf_efficientnet_lite0.in1k,4.652,0.735,0.368,18.0,3x224x224,3,31.985519,27.953687,31.831315,31.597592,32.527652,27.664018,27.811764,28.38528
convnextv2_femto.fcmae,4.848,1.559,0.779,18.54,3x224x224,3,21.756246,20.622039,21.120845,21.901067,22.246827,20.502383,20.581976,20.781758
regnetx_004.pycls_in1k,5.158,0.795,0.398,19.95,3x224x224,3,19.576234,13.954234,19.175996,19.553222,19.999486,14.060999,13.820861,13.980841
hf_hub:timm/regnetx_004.pycls_in1k,5.158,0.795,0.398,19.95,3x224x224,3,17.719291,14.98629,18.214016,17.71662,17.227238,14.780954,14.884979,15.292936
ghostnet_100.in1k,5.183,0.308,0.154,20.02,3x224x224,3,17.705955,17.245113,18.253328,17.217665,17.646873,17.061091,17.293133,17.381115
hf_hub:timm/ghostnet_100.in1k,5.183,0.308,0.154,20.02,3x224x224,3,19.440039,16.775721,19.560982,19.451045,19.30809,16.68504,16.741048,16.901077
convnext_femto.d1_in1k,5.218,1.559,0.78,19.95,3x224x224,3,16.714597,14.396841,16.957785,16.643129,16.542878,14.37291,14.364786,14.452828
convnext_femto_ols.d1_in1k,5.227,1.626,0.813,19.98,3x224x224,3,17.991102,16.133025,18.585678,17.405912,17.981717,16.133032,16.213023,16.05302
mobilenetv1_100h.ra4_e3600_r224_in1k,5.283,1.24,0.62,20.3,3x224x224,3,25.664141,24.186768,25.827807,25.766023,25.398593,24.068287,24.238714,24.253302
efficientnet_b0.ra4_e3600_r224_in1k,5.289,0.772,0.386,20.45,3x224x224,3,32.100592,30.617929,31.52866,32.496692,32.276423,30.653632,30.585036,30.615117
hf_hub:timm/efficientnet_b0.ra_in1k,5.289,0.772,0.386,20.45,3x224x224,3,32.618475,30.121357,32.346322,32.55083,32.958272,29.933864,30.222826,30.20738
hf_hub:timm/tf_efficientnet_b0.aa_in1k,5.289,0.737,0.368,20.45,3x224x224,3,33.611992,32.239862,33.958859,33.351754,33.525362,32.208956,32.250713,32.259918
resnet10t.c3_in1k,5.435,2.214,1.107,20.78,3x224x224,3,23.056008,16.96023,23.698644,23.057912,22.411468,16.453473,16.981544,17.445674
efficientnet_es.ra_in1k,5.438,3.578,1.789,21.04,3x224x224,3,47.782366,44.085714,47.505869,47.917722,47.923508,43.904417,44.136387,44.21634
efficientnet_es_pruned.in1k,5.438,3.578,1.789,21.04,3x224x224,3,51.586768,43.030675,52.874918,51.160561,50.724824,41.773584,43.814987,43.503455
mobilenetv3_rw.rmsp_in1k,5.48,0.431,0.215,21.09,3x224x224,3,17.523454,18.714632,18.287211,17.460913,16.822238,18.723539,18.689439,18.730917
regnetx_004_tv.tv2_in1k,5.496,0.828,0.414,21.25,3x224x224,3,21.001969,14.102172,21.238737,20.893358,20.873812,13.93972,14.139764,14.227034
hf_hub:timm/mobilevit_s.cvnets_in1k,5.579,2.842,1.421,21.44,3x224x224,3,75.8398,66.289456,76.714653,75.893494,74.911252,64.825677,66.899698,67.142992
edgenext_small.usi_in1k,5.587,1.92,0.96,21.39,3x224x224,3,20.89115,17.63869,20.748942,21.076582,20.847927,17.611823,17.692046,17.612201
hf_hub:timm/edgenext_small.usi_in1k,5.587,1.92,0.96,21.39,3x224x224,3,20.588106,17.591348,20.679299,20.573587,20.511432,17.612596,17.580717,17.58073
hf_hub:timm/vit_tiny_patch16_224.augreg_in21k_ft_in1k,5.717,2.15,1.075,21.86,3x224x224,3,21.818903,16.748794,21.910649,21.498876,22.047183,16.77272,16.732834,16.740828
coat_lite_tiny.in1k,5.722,3.595,1.798,21.89,3x224x224,3,34.086334,32.653528,33.525659,34.118454,34.614889,32.413416,32.805566,32.741602
mobilenetv2_120d.ra_in1k,5.831,1.338,0.669,22.64,3x224x224,3,48.284894,46.907751,47.564472,47.930708,49.359502,46.254397,46.614366,47.854489
regnety_006.pycls_in1k,6.055,1.203,0.601,23.33,3x224x224,3,26.550582,21.108996,27.020308,26.353366,26.278071,20.500949,21.28502,21.541019
mobilenetv2_140.ra_in1k,6.109,1.165,0.582,23.59,3x224x224,3,40.927075,39.872725,40.598926,39.603836,42.578463,39.134053,40.182042,40.302081
ghostnetv2_100.in1k,6.157,0.368,0.184,23.97,3x224x224,3,23.967824,24.066531,23.4844,23.848877,24.570195,23.733194,24.093153,24.373246
regnetx_006.pycls_in1k,6.196,1.202,0.601,23.87,3x224x224,3,21.042594,17.335488,21.175121,21.546354,20.406305,16.852769,17.420843,17.732852
hf_hub:timm/regnetx_006.pycls_in1k,6.196,1.202,0.601,23.87,3x224x224,3,18.524578,17.748804,18.338297,18.662405,18.573031,17.652751,17.692831,17.900832
regnety_008.pycls_in1k,6.263,1.594,0.797,24.12,3x224x224,3,31.941485,27.312038,32.172213,31.579483,32.072759,26.701236,27.373434,27.861444
mobilenetv1_125.ra4_e3600_r224_in1k,6.271,1.759,0.88,24.08,3x224x224,3,33.869391,27.890704,34.544324,33.720378,33.343471,27.213396,28.093505,28.365212
efficientnet_b1_pruned.in1k,6.332,0.599,0.299,24.48,3x224x224,3,27.288184,27.184858,26.7098,27.41257,27.742181,26.979354,27.371564,27.203657
regnety_008_tv.tv2_in1k,6.433,1.668,0.834,24.76,3x224x224,3,31.02312,29.254514,31.109149,30.451266,31.508945,28.69168,29.851916,29.219945
efficientnet_em.ra2_in1k,6.899,5.227,2.613,26.7,3x224x224,3,71.912845,65.250309,70.977174,71.428528,73.332834,64.940666,65.59699,65.213271
regnetx_008.pycls_in1k,7.26,1.599,0.8,27.94,3x224x224,3,29.606567,27.281872,29.73627,29.970236,29.113195,26.772466,27.052549,28.020601
efficientnet_b1.ft_in1k,7.794,1.139,0.57,30.13,3x224x224,3,43.324607,42.583843,42.532814,44.128826,43.312181,42.285127,42.72521,42.74119
hf_hub:timm/efficientnet_b1.ft_in1k,7.794,1.139,0.57,30.13,3x224x224,3,42.100981,41.962711,42.157643,41.338762,42.806539,41.613322,41.813402,42.461408
edgenext_small_rw.sw_in1k,7.827,2.4,1.2,29.92,3x224x224,3,23.76698,21.135329,23.546396,24.174449,23.580094,21.20462,21.180666,21.020701
densenet121.ra_in1k,7.979,5.669,2.834,31.01,3x224x224,3,77.924519,62.211815,78.552126,78.603477,76.617954,61.454397,62.42253,62.758519
hf_hub:timm/densenet121.ra_in1k,7.979,5.669,2.834,31.01,3x224x224,3,77.839435,60.307877,76.916093,77.572052,79.030161,58.814426,60.974573,61.134633
densenetblur121d.ra_in1k,7.998,6.148,3.074,31.09,3x224x224,3,89.512254,70.98311,88.528061,91.199181,88.809521,70.407052,71.335106,71.207174
ghostnetv3_100.in1k,8.129,0.828,0.414,32.16,3x224x224,3,65.237421,60.940505,65.13035,65.07912,65.502793,60.684253,61.164435,60.972828
efficientnet_b2_pruned.in1k,8.31,0.894,0.447,32.07,3x224x224,3,36.831941,34.079631,36.842083,36.572275,37.081465,33.780881,34.173005,34.285005
mobilenet_edgetpu_v2_m.ra4_e3600_r224_in1k,8.463,3.671,1.836,32.62,3x224x224,3,48.359015,44.400029,48.672581,48.348472,48.055991,44.005328,44.501346,44.693415
convnextv2_pico.fcmae,8.553,2.733,1.367,32.68,3x224x224,3,39.701245,34.986416,38.336145,40.1299,40.63769,34.725015,34.941104,35.293129
ghostnetv2_130.in1k,8.96,0.583,0.291,34.73,3x224x224,3,35.419279,33.615701,34.96511,35.476758,35.81597,33.260972,33.621055,33.965075
convnext_pico.d1_in1k,9.046,2.734,1.367,34.55,3x224x224,3,28.8672,22.655363,28.686184,29.047108,28.868307,22.572643,22.620719,22.772729
convnext_pico_ols.d1_in1k,9.062,2.852,1.426,34.61,3x224x224,3,30.599758,24.828746,30.024007,30.523375,31.25189,24.772704,24.692748,25.020787
efficientnet_b2.ra_in1k,9.11,1.318,0.659,35.17,3x224x224,3,49.63345,45.520288,48.698547,49.475138,50.726665,45.133609,45.6136,45.813655
hf_hub:timm/efficientnet_b2.ra_in1k,9.11,1.318,0.659,35.17,3x224x224,3,48.618501,45.011322,47.5304,48.007262,50.31784,44.413593,44.926155,45.694217
regnetx_016.pycls_in1k,9.19,3.206,1.603,35.33,3x224x224,3,46.285368,40.093694,45.975083,46.763454,46.117568,39.461705,40.325691,40.493685
regnetz_b16.ra3_in1k,9.715,2.861,1.43,37.42,3x224x224,3,64.808209,58.377171,63.754292,65.215627,65.454708,58.254533,58.46251,58.41447
mobilenetv4_conv_blur_medium.e500_r224_in1k,9.716,2.39,1.195,37.48,3x224x224,3,43.431126,42.917727,42.52678,44.087175,43.679423,42.333751,43.013737,43.405692
mobilenetv4_conv_medium.e250_r384_in12k_ft_in1k,9.716,1.653,0.826,37.48,3x224x224,3,24.995522,26.948972,24.915396,25.231161,24.840009,26.9409,26.893027,27.012988
efficientnet_b3_pruned.in1k,9.855,1.012,0.506,38.0,3x224x224,3,35.572994,36.333335,34.721744,35.561188,36.436049,35.693337,36.501331,36.805336
resnet14t.c3_in1k,10.082,3.401,1.7,38.57,3x224x224,3,47.442531,37.626657,47.536356,47.110521,47.680717,37.40546,37.733076,37.741435
efficientnet_el.ra_in1k,10.59,8.709,4.354,40.89,3x224x224,3,106.784975,94.007899,107.018717,105.990938,107.34527,93.759878,94.207907,94.055913
efficientnet_el_pruned.in1k,10.59,8.709,4.354,40.89,3x224x224,3,107.552123,93.46386,107.068245,107.748202,107.839923,93.175839,93.655885,93.559856
coat_lite_mini.in1k,11.012,4.403,2.202,42.07,3x224x224,3,40.908549,37.885249,40.475818,42.020795,40.229033,37.82409,37.847944,37.983712
mobilenetv4_hybrid_medium.e200_r256_in12k_ft_in1k,11.075,1.881,0.941,42.75,3x224x224,3,29.947926,32.110821,29.083076,30.685446,30.075257,32.094875,32.102855,32.134732
regnety_016.pycls_in1k,11.202,3.224,1.612,43.13,3x224x224,3,46.928164,40.72454,47.354179,47.249448,46.180864,39.935277,41.375271,40.863071
resnetv2_18.ra4_e3600_r224_in1k,11.688,3.628,1.814,44.65,3x224x224,3,30.943805,22.469544,31.822255,31.360148,29.649012,22.181543,22.525541,22.701549
resnet18.a1_in1k,11.69,3.648,1.824,44.67,3x224x224,3,30.492701,23.368125,30.360723,30.012946,31.104432,23.261512,23.341439,23.501426
hf_hub:timm/resnet18.a1_in1k,11.69,3.648,1.824,44.67,3x224x224,3,31.834179,22.013289,32.758914,31.760829,30.982794,21.045193,21.933316,23.061357
hf_hub:timm/resnet18.a2_in1k,11.69,3.648,1.824,44.67,3x224x224,3,31.063496,21.802526,32.095145,30.810064,30.285279,20.421065,22.093255,22.893259
resnetv2_18d.ra4_e3600_r224_in1k,11.707,4.108,2.054,44.73,3x224x224,3,37.950266,25.664044,37.839612,38.241257,37.76993,25.205342,25.693404,26.093386
resnet18d.ra2_in1k,11.709,4.134,2.067,44.74,3x224x224,3,36.778778,27.357439,36.529959,37.283657,36.522718,27.045374,27.581482,27.44546
efficientnet_b3.ra2_in1k,12.233,1.926,0.963,47.18,3x224x224,3,69.464972,64.132971,67.57683,69.469794,71.348292,63.415597,64.49566,64.487655
ghostnetv2_160.in1k,12.393,0.852,0.426,47.9,3x224x224,3,42.067222,44.027694,41.202204,42.237255,42.762208,43.414343,44.206325,44.462414
regnetz_c16.ra3_in1k,13.46,3.794,1.897,51.76,3x224x224,3,89.36404,77.007162,87.980027,90.266615,89.845479,76.888237,76.975365,77.157883
regnetz_c16_evos.ch_in1k,13.488,3.794,1.897,51.57,3x224x224,3,119.818271,111.693119,118.42132,119.9958,121.037692,111.615211,112.087893,111.376254
efficientnetv2_rw_t.ra2_in1k,13.649,3.826,1.913,52.77,3x224x224,3,60.059864,55.051522,60.281196,59.342818,60.555578,53.966074,55.286186,55.902308
densenet169.tv_in1k,14.149,6.72,3.36,54.94,3x224x224,3,96.374848,76.282133,91.719915,98.039475,99.365155,74.695354,76.815519,77.335525
hf_hub:timm/densenet169.tv_in1k,14.149,6.72,3.36,54.94,3x224x224,3,94.643431,76.685021,92.649674,94.70474,96.575879,75.095563,77.495712,77.463787
coatnext_nano_rw_224.sw_in1k,14.701,4.695,2.347,56.15,3x224x224,3,50.670751,40.877873,50.598746,50.48877,50.924736,40.325889,41.061842,41.245888
convnextv2_nano.fcmae,14.983,4.89,2.445,57.21,3x224x224,3,56.356009,46.051503,55.416534,56.573473,57.07802,45.502122,46.046174,46.606213
coatnet_nano_rw_224.sw_in1k,15.141,4.538,2.269,57.91,3x224x224,3,80.037771,79.201605,80.532512,79.330028,80.250772,78.688704,79.342533,79.573577
coatnet_rmlp_nano_rw_224.sw_in1k,15.145,4.96,2.48,57.93,3x224x224,3,103.893138,96.885594,104.75064,103.808042,103.120732,96.422324,97.053597,97.180861
regnetx_032.pycls_in1k,15.297,6.353,3.177,58.75,3x224x224,3,78.974623,62.126338,77.748043,78.807447,80.368379,60.785073,62.505049,63.088893
convnext_nano.d1h_in1k,15.594,4.891,2.446,59.54,3x224x224,3,45.492576,34.795774,45.16418,45.109637,46.203912,34.742486,34.942415,34.702421
convnext_nano_ols.d1h_in1k,15.65,5.282,2.641,59.75,3x224x224,3,50.213679,39.814699,49.24516,50.935242,50.460635,39.726758,39.702672,40.014667
resnet26.bt_in1k,15.995,4.744,2.372,61.19,3x224x224,3,65.048413,50.12467,63.83917,64.905822,66.400248,49.97535,50.175318,50.223341
resnet26t.ra2_in1k,16.012,5.166,2.583,61.26,3x224x224,3,64.660125,49.326144,65.088157,64.893028,63.999189,47.950896,49.49285,50.534688
resnet26d.bt_in1k,16.014,5.23,2.615,61.27,3x224x224,3,67.579149,51.934501,67.017008,66.215412,69.505028,51.502394,51.766754,52.534354
resnet32ts.ra2_in1k,17.964,7.055,3.528,68.74,3x224x224,3,73.973092,68.585464,73.210972,73.416523,75.291781,67.814847,68.574783,69.366762
edgenext_base.in21k_ft_in1k,18.511,5.851,2.926,70.69,3x224x224,3,49.963794,42.229612,49.139106,50.778326,49.973952,41.893609,42.213638,42.581588
efficientnet_b4.ra2_in1k,19.342,3.008,1.504,74.49,3x224x224,3,87.659155,82.098041,85.028609,88.484684,89.464171,81.479312,82.175397,82.639413
regnety_032.pycls_in1k,19.436,6.353,3.177,74.55,3x224x224,3,75.896466,64.035952,74.617675,77.100808,75.970915,63.286538,64.278646,64.542671
resnet33ts.ra2_in1k,19.676,7.248,3.624,75.29,3x224x224,3,75.619014,69.329507,76.391167,76.497265,73.968611,68.766828,69.686852,69.534842
densenet201.tv_in1k,20.014,8.583,4.292,77.65,3x224x224,3,115.703698,98.330749,114.883329,116.97697,115.250795,97.599987,98.696109,98.696152
regnetv_040.ra3_in1k,20.641,7.947,3.973,79.11,3x224x224,3,125.208912,94.237253,126.823123,123.62992,125.173694,91.767799,94.687959,96.256002
regnety_040.pycls_in1k,20.647,7.947,3.973,79.17,3x224x224,3,126.743989,90.373124,125.300275,126.929906,128.001788,89.615696,90.607798,90.895878
resnetv2_34.ra4_e3600_r224_in1k,21.796,7.328,3.664,83.27,3x224x224,3,56.749614,39.336196,56.289712,57.273405,56.685723,38.933501,39.333514,39.741573
resnet34.a1_in1k,21.798,7.357,3.679,83.28,3x224x224,3,57.35463,39.562855,56.914689,57.742983,57.406219,39.21353,39.893529,39.581506
hf_hub:timm/resnet34.a1_in1k,21.798,7.357,3.679,83.28,3x224x224,3,53.519342,40.648204,53.790711,54.085875,52.68144,39.781539,40.861518,41.301556
hf_hub:timm/resnet34.a2_in1k,21.798,7.357,3.679,83.28,3x224x224,3,53.870048,39.746829,55.043318,54.187773,52.379054,38.133478,40.221488,40.885522
resnetv2_34d.ra4_e3600_r224_in1k,21.815,7.807,3.904,83.35,3x224x224,3,64.57995,41.250915,64.891971,63.765382,65.082497,39.685532,41.853601,42.213613
resnet34d.ra2_in1k,21.817,7.843,3.922,83.36,3x224x224,3,64.184321,43.374902,64.731099,64.227403,63.59446,42.693678,43.615586,43.815442
hf_hub:timm/vit_small_patch16_224.augreg_in21k_ft_in1k,22.051,8.482,4.241,84.17,3x224x224,3,72.452531,51.200731,71.799316,72.699292,72.858985,51.131656,51.219648,51.250888
regnetx_040.pycls_in1k,22.118,7.929,3.965,84.81,3x224x224,3,105.474211,82.564165,103.641948,104.561734,108.218951,82.541206,82.567422,82.583867
regnetz_d8.ra3_in1k,23.374,6.007,3.004,89.71,3x224x224,3,131.815026,114.900155,129.72543,133.039121,132.680526,114.020622,115.580833,115.099011
regnetz_d8_evos.ch_in1k,23.464,6.901,3.451,89.64,3x224x224,3,185.568296,178.237624,181.629463,188.765345,186.310082,177.89697,178.440594,178.375309
efficientnetv2_rw_s.ra2_in1k,23.941,5.888,2.944,92.2,3x224x224,3,88.160234,77.252143,86.026807,89.271593,89.182301,76.2493,77.801524,77.705606
resnetv2_50.a1h_in1k,25.549,8.179,4.089,97.74,3x224x224,3,97.461575,81.359211,96.977377,98.069411,97.337937,80.321728,81.457914,82.29799
resnetv2_50x1_bit.goog_distilled_in1k,25.549,0.004,0.002,97.52,3x224x224,3,101.105765,87.204967,100.146504,101.438013,101.732777,86.458257,87.738389,87.418254
resnet50.a1_in1k,25.557,8.267,4.134,97.79,3x224x224,3,96.636745,81.689365,95.240914,97.480136,97.189185,80.291073,82.124074,82.652949
resnet50_gn.a1h_in1k,25.557,8.179,4.089,97.55,3x224x224,3,85.132784,82.233926,85.144584,85.137631,85.116137,82.248293,82.175139,82.278346
hf_hub:timm/resnet50.a1_in1k,25.557,8.267,4.134,97.79,3x224x224,3,94.832729,77.840561,93.607341,95.999698,94.89115,77.172342,77.894055,78.455287
hf_hub:timm/resnet50.a2_in1k,25.557,8.267,4.134,97.79,3x224x224,3,93.047791,79.589236,93.740502,92.893258,92.509612,79.095896,79.775819,79.895995
resnetv2_50d_gn.ah_in1k,25.569,8.659,4.329,97.6,3x224x224,3,90.338441,84.547044,90.717244,89.856374,90.441704,84.576263,84.528414,84.536454
resnet50c.gluon_in1k,25.576,8.753,4.377,97.87,3x224x224,3,100.101909,82.573233,100.240273,100.036739,100.028714,82.215729,82.495903,83.008069
resnet50d.a1_in1k,25.576,8.754,4.377,97.87,3x224x224,3,100.406288,81.154762,101.105229,101.292932,98.820704,80.856065,81.168057,81.440164
resnetv2_50d_evos.ah_in1k,25.591,8.659,4.329,97.69,3x224x224,3,116.343643,116.036627,116.896007,115.501688,116.633235,116.217952,115.641949,116.249979
regnetz_040.ra3_in1k,27.117,6.151,3.076,104.14,3x224x224,3,117.220388,103.474901,116.145042,117.125357,118.390766,103.488015,103.376233,103.560456
coatnet_0_rw_224.sw_in1k,27.436,8.419,4.21,104.79,3x224x224,3,102.5009,89.781403,101.322791,103.693586,102.486321,89.959997,89.648068,89.736144
coatnet_bn_0_rw_224.sw_in1k,27.436,8.911,4.456,104.87,3x224x224,3,128.030916,114.934854,127.918779,127.726559,128.44741,115.009496,115.097496,114.69757
regnetz_d32.ra3_in1k,27.576,9.085,4.543,105.74,3x224x224,3,145.798564,130.66652,145.038798,146.600918,145.755976,130.458466,130.778557,130.762538
convnext_tiny.dinov3_lvd1689m,27.82,8.91,4.455,106.19,3x224x224,3,74.500413,55.289314,73.094265,75.358025,75.04895,55.374649,55.358669,55.134623
convnextv2_tiny.fcmae,27.866,8.91,4.455,106.37,3x224x224,3,89.507004,73.668853,88.435605,89.663734,90.421673,73.343601,73.567614,74.095343
hf_hub:timm/swin_tiny_patch4_window7_224.ms_in1k,28.288,8.744,4.372,107.97,3x224x224,3,80.433359,67.361463,78.90683,81.420102,80.973144,66.894665,67.494807,67.694917
