model_name,device_type,prediction_mwh,ci_lower_mwh,ci_upper_mwh,model_used,mape_pct,error,params_m,gflops,gmacs,size_mb,latency_avg_s,throughput_iter_per_s,gflops_per_param,gmacs_per_mb,latency_throughput_ratio,compute_intensity,model_complexity,computational_density,log_params_m,log_gflops,log_size_mb,log_gmacs,log_latency,log_throughput,log_model_complexity,log_compute_intensity,log_params_x_log_latency,log_gflops_x_log_latency,batch_high_power
tf_mobilenetv3_small_minimal_100,jetson_nano,5.964902086481158,4.707560114375783,7.222244058586533,Extra Trees + log1p target,21.07900438055828,,2.044736,0.089236544,0.044618272,7.800048828125,0.025119,39.810864,0.04364206448066426,0.005720254739798948,1.000009092816,0.002241532748736,0.182465174032384,0.011440509479597896,1.1134141978958516,0.08547703248489828,2.1747572701193354,0.04365152872999449,0.024808703412546845,3.7089483204751548,0.16760138981485312,0.002239024262074797,0.027622362610916922,0.0021205743475024735,0.0
mobilenetv3_small_050,jetson_nano,5.694491174212119,4.494149130149442,6.894833218274796,Extra Trees + log1p target,21.07900438055828,,1.593224,0.046358176,0.023179088,6.077667236328125,0.03345,29.895755,0.029097067896875835,0.0038138126496361445,1.00001300475,0.0015506809872000002,0.073858958599424,0.007627625299272289,0.9529018892504253,0.04531573150303845,1.9569443670187276,0.02291453323157623,0.03290271967570781,3.4306187958256134,0.07125866399876835,0.0015494799229226774,0.03135306374045912,0.0014910108105441156,0.0
semnasnet_050,jetson_nano,7.9909537056306394,6.306540223972373,9.675367187288906,Extra Trees + log1p target,21.07900438055828,,2.082006,0.206453984,0.103226992,7.942222595214844,0.048167,20.761149,0.09916104220590997,0.012997240730189695,1.000002263883,0.009944269047328001,0.429838433411904,0.02599448146037939,1.1255806836838291,0.18768546528100227,2.1907841707266105,0.09823951420271887,0.0470429243488435,3.0801262239025196,0.35756145426064584,0.009895150169680787,0.052950606951057924,0.008829273144591684,0.0
regnetx_002,jetson_nano,6.864133221688459,5.4172422792013935,8.311024164175526,Extra Trees + log1p target,21.07900438055828,,2.684792,0.398116544,0.199058272,10.241668701171877,0.062094,16.104583,0.1482857501490804,0.019436115185126824,0.9999979768020002,0.024720648683136004,1.068860112398848,0.03887223037025365,1.3042140790007284,0.33512600514383306,2.4196272944046595,0.18153647536482814,0.06024243114382443,2.839346439295802,0.7269977852639615,0.02442003757506583,0.07856902685100778,0.020188805289382314,0.0
regnety_002,jetson_nano,9.01636882640043,7.115808046516193,10.916929606284668,Extra Trees + log1p target,21.07900438055828,,3.162996,0.39906496,0.19953248,12.065872192382812,0.06973,14.34111,0.12616672099277995,0.016536928311658778,1.0000056003,0.0278267996608,1.2622408722201601,0.033073856623317556,1.4262350073668326,0.33580412777190555,2.5700036546764586,0.18193188088015666,0.06740628018301828,2.730536153164809,0.816355858417299,0.027446670017915134,0.09613719651339786,0.022635307123207136,0.0
spnasnet_100,jetson_nano,11.646078711409903,9.191201269668545,14.10095615315126,Extra Trees + log1p target,21.07900438055828,,4.421616,0.667062144,0.333531072,16.86712646484375,0.087348,11.448414,0.15086384551172113,0.019774029258697468,0.9999960660719999,0.05826654415411199,2.949492648904704,0.039548058517394936,1.6903939259937413,0.5110628820180255,2.8829625140501056,0.28783036545582985,0.08374170409700679,2.5215932252377447,1.3735871273482168,0.05663223379928043,0.1415564679579455,0.04279727664091699,0.0
tf_efficientnet_lite0,jetson_nano,10.787161069295085,8.513334914960497,13.060987223629672,Extra Trees + log1p target,21.07900438055828,,4.652008,0.735270144,0.367635072,17.746002197265625,0.110091,9.083404,0.1580543253463181,0.02071649981764044,1.0000010297639998,0.08094662542310399,3.420482592049152,0.04143299963528088,1.7320108802494463,0.5511631038720918,2.9309805135367926,0.31308302337960053,0.10444199394588573,2.310890904048646,1.4862488738510258,0.07783716225130875,0.18089466986922087,0.057564573557804595,0.0
ghostnet_130,jetson_nano,10.950323526299135,8.642104350505237,13.258542702093033,Extra Trees + log1p target,21.07900438055828,,7.35882,0.487782704,0.243891352,28.07167053222656,0.090827,11.009913,0.06628544219243816,0.008688166350194369,0.9999973680509999,0.044303839656208,3.58950511784928,0.017376332700388738,2.123317268808889,0.39728689348908724,3.369764178768553,0.21824465288225686,0.08693612415820648,2.4857323921022907,1.5237722007977028,0.043350481271678835,0.18459297370843347,0.03453858269879544,0.0
ghostnet_100,jetson_nano,10.460532198649004,8.25555615826607,12.665508239031936,Extra Trees + log1p target,21.07900438055828,,5.182508,0.30776624,0.15388312,19.769699096679688,0.069772,14.332385,0.059385567878415646,0.00778378626117068,0.9999991662200001,0.021473466097280004,1.5950010009299203,0.01556757252234136,1.8217240143875264,0.2683205214671416,3.033495150382003,0.1431328804608223,0.06744554165602032,2.7299672580822425,0.9535869023325831,0.021246159507217872,0.12286716289814648,0.01809702290777719,0.0
tf_efficientnet_b0,jetson_nano,10.167540590015168,8.024324263650831,12.310756916379505,Extra Trees + log1p target,21.07900438055828,,5.288548,0.736524544,0.368262272,20.17420959472656,0.126849,7.883364,0.13926779235665587,0.018254110626576982,0.999996840036,0.093427401881856,3.8951454041221116,0.036508221253153963,1.8387302014567801,0.5518857272800493,3.052783912555797,0.31354152012280834,0.11942524205258351,2.1841803140953835,1.5882439801627732,0.08931716833343548,0.21959079937837162,0.06590908656578597,0.0
mobilenetv3_large_100_miil,jetson_nano,12.563001746293796,9.914846057862915,15.211157434724678,Extra Trees + log1p target,21.07900438055828,,5.483032,0.43071552,0.21535776,20.91610717773437,0.067123,14.89807,0.07855424543313892,0.010296263442988536,1.0000031526100002,0.02891091784896,2.36162697905664,0.020592526885977073,1.8691883021671027,0.35817468276803727,3.087221854051799,0.19503848612472804,0.06496624215189514,2.7661977182107957,1.2124250767357938,0.028500881529022724,0.12143413986607775,0.023269263173386533,0.0
levit_128,jetson_nano,11.264255718681914,8.889862762303668,13.63864867506016,Extra Trees + log1p target,21.07900438055828,,9.213936,0.742388736,0.371194368,35.14837646484375,0.059365,16.844879,0.08057236944424517,0.01056078245350806,0.9999962418349999,0.04407190731264,6.840322300624896,0.02112156490701612,2.3237530622962854,0.5552570085291983,3.5876320365269123,0.3156821615017179,0.05766967201410181,2.8817165763083197,2.0592799432909166,0.043128363824798704,0.13401007694439146,0.0320214895654102,0.0
pvt_v2_b1,jetson_nano,33.24378345567367,26.23632488478891,40.25124202655843,Extra Trees + log1p target,21.07900438055828,,14.009,4.0677888,2.0338944,53.44009399414063,0.406599,2.459429,0.29036965590908304,0.03805933354390563,1.000001371971,1.6539588582912,56.985653299199996,0.07611866708781126,2.7086500211741775,1.6229045883466555,3.99710090434571,1.109847074783369,0.34117473395736064,1.2411035465491314,4.060195623038308,0.9760524340156344,0.9241229503576993,0.5536940411673501,0.0
pvt_v2_b0,jetson_nano,10.749073414827626,8.483275758846686,13.014871070808566,Extra Trees + log1p target,21.07900438055828,,3.66676,1.057670144,0.528835072,13.987579345703123,0.238302,4.196353,0.2884480728359443,0.03780747341068565,0.9999993126060001,0.252044910655488,3.87822257721344,0.0756149468213713,1.5404650407471516,0.7215743446822828,2.7072218144649316,0.42450605454944373,0.21374108635511135,1.647957033375267,1.5847809275378104,0.22477814316513464,0.32926067130136705,0.15423008431836868,0.0
resnet18d,jetson_nano,31.779481696876637,25.080683357873294,38.478280035879976,Extra Trees + log1p target,21.07900438055828,,11.708744,4.13394688,2.06697344,44.665313720703125,0.10867,9.202155,0.35306489978217137,0.046276925460505554,0.9999981838499999,0.4492360074496,48.40332572751871,0.09255385092101111,2.5422902604914537,1.6358747356872014,3.8213390101671942,1.1206912251663483,0.1031610987126584,2.322598972484713,3.9000177443472315,0.3710365261623561,0.2622654565187889,0.16875863508977135,0.0
xception,jetson_nano,48.98693075055187,38.66097347174199,59.31288802936175,Extra Trees + log1p target,21.07900438055828,,22.855952,9.198849216,4.599424608,87.18853759765625,0.407609,2.45333,0.4024706043103956,0.05275262875117898,0.9999993879699999,3.7495337300845435,210.2484561361336,0.10550525750235797,3.1720337459479238,2.322274891964565,4.479476995357069,1.722663843890679,0.34189252030674494,1.2393389829117962,5.353034957979258,1.5580464511408723,1.0844946119001808,0.793968415658839,0.0
resnet34d,jetson_nano,48.62766752687118,38.37743935871869,58.87789569502367,Extra Trees + log1p target,21.07900438055828,,21.816904,7.843358208,3.921679104,83.22488403320312,0.193124,5.17801,0.3595082899247166,0.04712147217067852,0.9999980032399999,1.5147407105617918,171.11779306154804,0.09424294434135704,3.127501664765355,2.179666692293263,4.433490412422605,1.5936497535818133,0.17657507736237446,1.820996213141891,5.148179085796329,0.9221697010446912,0.5522388484068974,0.3848748148158737,0.0
coatnet_0_224,jetson_nano,46.521506695191164,36.715236261010105,56.32777712937222,Extra Trees + log1p target,21.07900438055828,,25.03682,8.784083456,4.392041728,95.50788879394533,0.555308,1.800803,0.3508465973375773,0.04598616656148161,1.000000312324,4.877871815784448,219.92551635284988,0.09197233312296323,3.2595116900674683,2.2807569281931364,4.569624754163715,1.6849241124524645,0.44167359675732826,1.0299061617802816,5.397825614632749,1.7711947603047797,1.4396402518246565,1.007350115804258,0.0
coatnet_nano_cc_224,jetson_nano,36.374041369391925,28.706755595751723,44.04132714303213,Extra Trees + log1p target,21.07900438055828,,13.757328,4.220877824,2.110438912,52.48004150390625,0.344165,2.905582,0.30680939766723614,0.040214123527870876,0.99999962903,1.45267841629696,58.06800067269426,0.08042824705574175,2.6917397729741546,1.652665553273553,3.979308528297507,1.1347638454937956,0.295773002422744,1.3624068118790393,4.078689333999999,0.8971806585562573,0.796143954393281,0.48881385269236416,0.0
coatnet_nano_rw_224,jetson_nano,34.02855328186363,26.85567304493899,41.20143351878827,Extra Trees + log1p target,21.07900438055828,,15.141244,4.537984,2.268992,57.75926208496094,0.372245,2.686406,0.299710096494707,0.039283603682104255,1.00000120147,1.6892418540799998,68.710723012096,0.07856720736420851,2.781377735460232,1.7116305356149468,4.0734487931083905,1.1844816805075098,0.3164480847902852,1.3046519996822223,4.244354151157275,0.9892593152578062,0.8801616574647309,0.5416422048639199,0.0
coatnet_pico_rw_224,jetson_nano,25.548404059903838,20.16305484895398,30.933753270853696,Extra Trees + log1p target,21.07900438055828,,10.851364,3.873225728,1.936612864,41.39466857910156,0.302314,3.30782,0.3569344251161029,0.04678411214997873,1.00000029548,1.1709303627345922,42.029782228692994,0.09356822429995745,2.472442966442244,1.5837560849719896,3.7470226132729167,1.0772568301132819,0.2641426821449023,1.4604319756914144,3.761892485919575,0.775155814257611,0.6530777166063529,0.4183375801478111,0.0
coatnet_rmlp_nano_rw_224,jetson_nano,32.78821424034945,25.876785124319355,39.69964335637954,Extra Trees + log1p target,21.07900438055828,,15.145116,4.960157184,2.480078592,57.77403259277344,0.395646,2.527515,0.3275086738517768,0.042927218990474234,1.00000119969,1.9624663492208638,75.12215592991335,0.08585443798094847,2.7816175890713892,1.7850968538838552,4.073700134788734,1.2470548774394163,0.33335739052102353,1.260593657039122,4.3323393648055495,1.086022147483948,0.927272780920219,0.5950752290380108,0.0
coatnext_nano_rw_224,jetson_nano,36.409455480628424,28.734704764929344,44.08420619632751,Extra Trees + log1p target,21.07900438055828,,14.701244,4.694588416,2.347294208,56.08079528808594,0.760661,1.314645,0.3193327106649811,0.041855579153013384,0.9999991803450001,3.570990319102976,69.0162897831895,0.08371115830602677,2.7537399448840723,1.7395163231724495,4.044467725379232,1.2081523203678277,0.5656893067238022,0.8392563280470504,4.248727926164732,1.519729881452588,1.5577612403191123,0.9840257828901605,0.0
convmixer_1024_20_ks9_p14,jetson_nano,86.40055383532389,68.18817730754935,104.61293036309843,Extra Trees + log1p target,21.07900438055828,,24.383464,11.983603712,5.991801856,93.01553344726562,0.596483,1.676493,0.4914643473353767,0.0644172168832401,0.999999574119,7.148015892944897,292.20176970181836,0.1288344337664802,3.234097938394546,2.5636873084895755,4.543460018056815,1.9447382992789177,0.4678030848228649,0.9845073554920037,5.680861005812216,2.0977744488959043,1.5129209922002362,1.1993008314326512,0.0
convmixer_768_32,jetson_nano,189.22842200740874,149.34095464320575,229.11588937161173,Extra Trees + log1p target,21.07900438055828,,21.110248,41.764222464,20.882111232,80.52920532226562,1.190954,0.839663,1.9783860656499126,0.2593110274604343,1.0000000085020002,49.73926780039066,881.653093742211,0.5186220549208685,3.096041211450501,3.7557018292703575,4.400961303568144,3.0856694643064624,0.7843370654134704,0.6095824026725736,6.782932251090284,3.926700123645074,2.4283398781882517,2.9457361513379148,0.0
convnext_atto,jetson_nano,10.610980819617536,8.374291707830157,12.847669931404916,Extra Trees + log1p target,21.07900438055828,,3.69552,1.09469696,0.54734848,14.0972900390625,0.212914,4.696725,0.2962226327492118,0.03882650067189078,0.9999985066499999,0.23307630854144,4.045474509619201,0.07765300134378156,1.5466088626507553,0.7394088937467239,2.7145152601028846,0.4365428080203265,0.19302572884997254,1.7398914483133403,1.618491704807653,0.20951211078417498,0.2985353029589891,0.1427249406336133,0.0
convnext_atto_ols,jetson_nano,11.48804715787337,9.066481194224641,13.909613121522098,Extra Trees + log1p target,21.07900438055828,,3.702912,1.153101824,0.576550912,14.12548828125,0.141105,7.086939,0.31140397411443366,0.04081634982834234,1.000002527595,0.16270843287552,4.269834581311488,0.08163269965668468,1.5481818913270795,0.76690951127226,2.71638128645367,0.45523949380439516,0.13199709118581768,2.0902502911150376,1.6619989733151859,0.15075213950479235,0.20435550628173219,0.10122982469067537,0.0
convnext_femto,jetson_nano,11.229089450193598,8.862109193090483,13.596069707296714,Extra Trees + log1p target,21.07900438055828,,5.217784,1.559298048,0.779649024,19.904266357421875,0.162614,6.149516,0.2988429090121575,0.03916994330913092,0.9999973948240001,0.25356369277747204,8.136080406085632,0.07833988661826184,1.8274135731753567,0.9397330208917778,3.039953270072738,0.5764161673338594,0.15067091818749304,1.9670446621069964,2.212231453891304,0.22599044927384948,0.2753380809786185,0.14159043710887073,0.0
convnext_femto_ols,jetson_nano,11.33438464409605,8.945209208457719,13.72356007973438,Extra Trees + log1p target,21.07900438055828,,5.22652,1.62613248,0.81306624,19.93759155273437,0.165378,6.046752,0.3111309569023065,0.04078056254030985,0.9999997522559999,0.26892653727744004,8.4990139293696,0.0815611250806197,1.8288175892513183,0.9655122239607062,3.0415461822436356,0.5950194672332507,0.15304549791007288,1.9525668014452195,2.25118799631076,0.23817129681024146,0.27989229853366715,0.1477672990543281,0.0
convnext_nano,jetson_nano,37.58333668997065,29.661143502731772,45.50552987720953,Extra Trees + log1p target,21.07900438055828,,15.59356,4.89112064,2.44556032,59.484710693359375,0.316825,3.156315,0.31366284070713546,0.04111241780252273,0.9999994998750001,1.5496292967679999,76.2699831670784,0.08222483560504545,2.8090146682824977,1.773446241026181,4.102390617286532,1.2370865385549306,0.27522353617964557,1.4246288643974823,4.347305564099971,0.9359479747860667,0.7731069501852031,0.4880941456797256,0.0
convnext_nano_ols,jetson_nano,34.49464368392208,27.223516230730176,41.76577113711398,Extra Trees + log1p target,21.07900438055828,,15.64956,5.28249344,2.64124672,59.698333740234375,0.324894,3.07793,0.33754898555940327,0.044243222721251245,1.00000098942,1.71625042369536,82.66869803888639,0.08848644544250249,2.812383789650842,1.8377669462647506,4.1059162469511845,1.2923261285015375,0.2813324562380149,1.4055895067278419,4.4268649295181755,0.9992524085738965,0.791214839426448,0.5170234889856982,0.0
convnext_pico_ols,jetson_nano,14.946178506105843,11.795672884077733,18.096684128133955,Extra Trees + log1p target,21.07900438055828,,9.061928,2.852175872,1.426087936,34.568511962890625,0.211475,4.728685,0.31474268580122405,0.04125395667238879,0.9999986603749998,0.6031638925312001,25.846212395401217,0.08250791334477758,2.3087587964084624,1.3486381502144877,3.5714607510366765,0.8862800571856326,0.1918386254857944,1.7454860104970977,3.290124745656036,0.4719791095310293,0.44290911408123645,0.25872088901485163,0.0
crossvit_9_240,jetson_nano,13.193642177719516,10.412553765122835,15.974730590316197,Extra Trees + log1p target,21.07900438055828,,8.553296,3.088717824,1.544358912,32.62823486328125,0.124592,8.026229,0.3611142959258869,0.04733197707872313,1.000003923568,0.384829531127808,26.418717809147903,0.09466395415744626,2.2568862258387257,1.408231430441755,3.515366037407138,0.9338787172877864,0.11742030321025673,2.2001346722329784,3.311225911886488,0.3255770498458748,0.2650042649490351,0.16535496155268442,0.0
crossvit_9_dagger_240,jetson_nano,14.688826347437631,11.592567998208654,17.78508469666661,Extra Trees + log1p target,21.07900438055828,,8.776592,3.365225472,1.682612736,33.48004150390625,0.133454,7.493235,0.3834318706586941,0.050257186376142834,1.00000218369,0.44910280014028797,29.535210955751428,0.10051437275228567,2.2799909570605825,1.4736698424821444,3.5403806495043457,0.9867912211074764,0.1252696078746505,2.1392699642608246,3.4188804753052837,0.3709446063984852,0.28561357314872826,0.1846060433044362,0.0
cs3darknet_focus_l,jetson_nano,43.57754377459488,34.391831413408326,52.76325613578143,Extra Trees + log1p target,21.07900438055828,,21.15172,7.111888896,3.555944448,80.68740844726562,0.125725,7.953872,0.33623216266893835,0.0440706235627014,1.0000005572,0.8941422314496,150.4286825993011,0.0881412471254028,3.097915145846559,2.093330750502567,4.402899870615832,1.516432852358711,0.11842727253567827,2.1920860644295725,5.020114772196858,0.6387660877466611,0.3668776412695759,0.24790745129708344,0.0
cs3darknet_focus_m,jetson_nano,13.637022423306242,10.762473869319805,16.511570977292678,Extra Trees + log1p target,21.07900438055828,,9.30436,3.021806592,1.510903296,35.493316650390625,0.064866,15.416461,0.32477314583989164,0.04256866914731403,1.0000041592259998,0.19601250639667198,28.11597638234112,0.08513733829462806,2.3325671066398828,1.391731202675571,3.597129138353843,0.920642567287281,0.06284896964894322,2.798284550952731,3.3712870400982817,0.17899311232717213,0.1465994392893333,0.08746887211644422,0.0
cs3darknet_focus_s,jetson_nano,9.82158172495222,7.75129008290943,11.891873366995009,Extra Trees + log1p target,21.07900438055828,,3.274728,1.051158528,0.525579264,12.492095947265623,0.030773,32.496513,0.32099099742299286,0.04207294149402541,1.000015194549,0.032347301382144,3.442258264080384,0.08414588298805083,1.4527204746335267,0.7184047691310828,2.602104028593153,0.42237418318233433,0.030309006205061086,3.5114413438610885,1.4911628651779443,0.03183514279210079,0.044030513879886844,0.021774134605339463,0.0
cs3darknet_l,jetson_nano,43.597954149919204,34.40793948482395,52.78796881501446,Extra Trees + log1p target,21.07900438055828,,21.164168,7.422578688,3.711289344,80.73489379882812,0.12845,7.785154,0.350714393180285,0.045968838545558735,1.0000030313000001,0.9534302324736,157.09270234605157,0.09193767709111747,3.0984769308356075,2.1309160388491706,4.403481007367013,1.5499616166388936,0.12084500969220323,2.173063251365892,5.063181584681095,0.6695869207588176,0.3744354747378971,0.2575105693679993,0.0
cs3darknet_m,jetson_nano,13.25365928996781,10.459919867651227,16.047398712284394,Extra Trees + log1p target,21.07900438055828,,9.31024,3.168119808,1.584059904,35.5157470703125,0.066645,15.004812,0.3402833297226141,0.04460162012817381,0.9999956957399999,0.21113934460416,29.495955761233922,0.08920324025634763,2.3331375761284456,1.4274650487596332,3.5977435941346596,0.9493617683141804,0.06451820843126954,2.7728894270235656,3.4175940768291446,0.19156152368563756,0.15052985643548206,0.09209748754422635,0.0
cs3darknet_s,jetson_nano,8.435123826363998,6.6570837054992165,10.21316394722878,Extra Trees + log1p target,21.07900438055828,,3.276344,1.09089792,0.54544896,12.498260498046877,0.031259,31.990578,0.33296185841234666,0.043641986534306246,0.9999934777020001,0.034100378081280004,3.57415685480448,0.08728397306861249,1.4530984389447237,0.7375936005078118,2.6025608251457246,0.4353144571336675,0.03078038590139854,3.496222005547754,1.5204223877114451,0.03353184882257328,0.044726930703438396,0.022703415662032437,0.0
cs3sedarknet_l,jetson_nano,42.84668916637863,33.81503368007349,51.87834465268377,Extra Trees + log1p target,21.07900438055828,,21.913592,7.424065536,3.712032768,83.59371948242188,0.137032,7.297545,0.33878814560442,0.044405641315851806,0.9999971864399999,1.0173345485291518,162.68794313716532,0.08881128263170361,3.13173027160461,2.131092554478526,4.437860026059984,1.550119400484698,0.12842135861158332,2.1159596879175635,5.097961829478717,0.7017771096351243,0.40218105628448686,0.273677801173162,0.0
cs3sedarknet_xdw,jetson_nano,52.440986703904386,41.3869488193804,63.49502458842837,Extra Trees + log1p target,21.07900438055828,,21.601488,9.087449088,4.543724544,82.40313720703125,0.192019,5.207826,0.4206862354720084,0.05514018813924608,1.000001540694,1.744962886428672,196.30242242504292,0.11028037627849216,3.1180157448188006,2.311291986544917,4.423685925048485,1.712666575227555,0.17564850811343943,1.8258107541376005,5.284737690829745,1.0097675544433788,0.547674813851637,0.40597498925116243,0.0
cspresnet50d,jetson_nano,45.32553468112847,35.771363240181934,54.879706122075,Extra Trees + log1p target,21.07900438055828,,21.6354,7.396888576,3.698444288,82.53250122070312,0.149383,6.6942,0.3418882125642136,0.044811973325488884,0.9999996785999999,1.104969406148608,160.0346430971904,0.08962394665097777,3.1195150524790725,2.1278612296123733,4.425235792300146,1.5472314513693848,0.13922527665673898,2.040466798273516,5.081619516354458,0.7443009331325784,0.4343153462162605,0.29625206837993145,0.0
cspresnext50,jetson_nano,50.78460584220936,40.0797165520808,61.48949513233792,Extra Trees + log1p target,21.07900438055828,,20.569896,6.149054464,3.074527232,78.46792602539062,0.19244,5.196438,0.29893462587586117,0.039181960688284084,1.0000025287199998,1.18332404105216,126.48541082281574,0.07836392137656817,3.071298638878083,1.9669801051638638,4.375353494032462,1.4047547232752529,0.17600162804913527,1.823974610824385,4.848001933132358,0.7808485049633498,0.5405535606676358,0.34619170084909934,0.0
darknet17,jetson_nano,39.5150215588161,31.18564843345471,47.844394684177495,Extra Trees + log1p target,21.07900438055828,,14.30484,4.969975808,2.484987904,54.568634033203125,0.083761,11.938779,0.3474331387535171,0.04553875871162933,1.000004067819,0.416290143653888,71.09470873731073,0.09107751742325866,2.728169118242764,1.7867428751349939,4.017618905978431,1.2484645733312845,0.08043739900343412,2.5602289260426514,4.277980653765856,0.3480408779920029,0.21944682791294023,0.14372094956377657,0.0
darknet21,jetson_nano,41.590859585171714,32.82392047130153,50.3577986990419,Extra Trees + log1p target,21.07900438055828,,20.863048,5.997580288,2.998790144,79.58621215820312,0.102439,9.761867,0.2874738149730655,0.03767976920875658,0.9999958936130001,0.614386127122432,125.12780543239782,0.07535953841751317,3.084797905782438,1.9455644161537236,4.38932756984459,1.3859918513684293,0.09752499800998365,2.376009052693149,4.83729572169615,0.478954777370692,0.300844909622634,0.1897411658136869,0.0
deit3_small_patch16_224,jetson_nano,48.96113371638711,38.64061419553887,59.281653237235346,Extra Trees + log1p target,21.07900438055828,,22.059496,8.48243712,4.24121856,84.15029907226562,0.189657,5.272663,0.38452540962289394,0.05040051617591114,0.9999974465909999,1.60875357686784,187.1182877188915,0.10080103235182228,3.138077658574313,2.2494413633962624,4.444417919401597,1.6565540209158003,0.1736650302815441,1.8362009853695827,5.237070954967018,0.9588725505124409,0.544974351602145,0.39064930249076973,0.0
deit3_small_patch16_224_in21ft1k,jetson_nano,49.09413034256511,38.74557645705882,59.4426842280714,Extra Trees + log1p target,21.07900438055828,,22.059496,8.48243712,4.24121856,84.15029907226562,0.190048,5.26182,0.38452540962289394,0.05040051617591114,0.99999836736,1.61207020978176,187.1182877188915,0.10080103235182228,3.138077658574313,2.2494413633962624,4.444417919401597,1.6565540209158003,0.1739936424444118,1.8344708776811092,5.237070954967018,0.960143090754984,0.5460055620887759,0.39138849628243944,0.0
densenet121d,jetson_nano,61.45278753082643,48.499151755228354,74.4064233064245,Extra Trees + log1p target,21.07900438055828,,7.978856,5.66877696,2.83438848,30.436920166015625,0.141442,7.070022,0.7104748161296787,0.09312336371146301,0.999998051724,0.80180315077632,45.23035505995776,0.18624672742292603,2.1948724799894226,1.8974364787963993,3.447983003666505,1.3440099644773817,0.13229237535954874,2.088156208424362,3.8336366182639083,0.5887879139162799,0.2903648939891043,0.2510163788738337,0.0
densenetblur121d,jetson_nano,77.89668454821792,61.476838999989404,94.31653009644644,Extra Trees + log1p target,21.07900438055828,,7.998088,6.148058112,3.074029056,30.510284423828125,0.149867,6.672597,0.7686908850351628,0.10075386097827929,1.000002094599,0.921391025071104,49.172709808889856,0.20150772195655858,2.197012110322257,1.9668407270906596,3.4503139821907785,1.4046324498361278,0.1396462835130173,2.0376551499864157,3.9154712495727146,0.6530494159464223,0.3068045760395944,0.27466199780025136,0.0
dla34,jetson_nano,38.196086569570284,30.144731808368732,46.247441330771835,Extra Trees + log1p target,21.07900438055828,,15.742104,6.160279552,3.080139776,60.051361083984375,0.109537,9.129316,0.3913250198750422,0.0512917554091828,0.9999978866919998,0.674778541287424,96.97576137665742,0.1025835108183656,2.817926744140683,1.9685490237857928,4.111715494886152,1.4061312466527798,0.10394281118958244,2.315433793769611,4.584720115187497,0.5156809423792058,0.2929032275122898,0.20461651949680348,0.0
dla46_c,jetson_nano,9.105574002921994,7.186209659971092,11.024938345872897,Extra Trees + log1p target,21.07900438055828,,1.3014,1.184540672,0.592270336,4.964447021484375,0.048859,20.466893,0.9102042122297433,0.1193023541462945,0.999991925087,0.057875472693248,1.5415612305408,0.238604708292589,0.8335176334072211,0.7814055876841899,1.7858163473941662,0.4651608820514934,0.04770290665246611,3.066511887864877,0.9327785498990047,0.056262625840832886,0.03976121385960914,0.03727531780701433,0.0
dla46x_c,jetson_nano,10.087353526522856,7.961039834784703,12.213667218261008,Extra Trees + log1p target,21.07900438055828,,1.06844,1.110731776,0.555365888,4.075775146484375,0.060853,16.432954,1.0395817607149107,0.13626015464049457,0.9999945497619999,0.067591360764928,1.18675025874944,0.27252030928098914,0.7267946999721633,0.7470347006322964,1.6244792514880784,0.4417108157022198,0.05907330149399658,2.858362323083817,0.7824165416438474,0.06540504631328689,0.04293416243569439,0.044129806096929125,0.0
dla60,jetson_nano,49.01828017368702,38.6857147486012,59.350845598772835,Extra Trees + log1p target,21.07900438055828,,22.036632,8.55314432,4.27657216,84.06307983398438,0.181612,5.506235,0.3881329929123019,0.05087336935040216,0.99999835082,1.5533536462438398,188.48249382273025,0.10174673870080432,3.1370856445867163,2.2568703484698944,4.443393096952559,1.6632766747675152,0.1668796079045202,1.87276094790298,5.244296639372415,0.9374076505007248,0.5235156223315303,0.37662563884399386,0.0
dla60_res2net,jetson_nano,51.00295669300252,40.25204121747028,61.753872168534755,Extra Trees + log1p target,21.07900438055828,,20.848072,8.344515648,4.172257824,79.52908325195312,0.212789,4.699488,0.40025357010213847,0.052462037797166454,0.999999352032,1.775621140222272,173.96706303463063,0.10492407559433291,3.084112679662129,2.234789609494746,4.38861840181062,1.6433093096284732,0.19292266594399385,1.7403763462446333,5.164597744978876,1.0208745564655675,0.5949952402320926,0.43114156928766334,0.0
dla60_res2next,jetson_nano,49.67895812579337,39.207128366241676,60.15078788534507,Extra Trees + log1p target,21.07900438055828,,17.032984,7.023353344,3.511676672,64.97567749023438,0.225122,4.442038,0.4123383742779084,0.05404601773458654,1.000000478636,1.581111351507968,119.6286651346985,0.10809203546917308,2.8922025254624995,2.0823564571827555,4.189286151229947,1.5066688520536198,0.20304043087448725,1.694153623063614,4.79271694373391,0.9482200625830597,0.5872340469461861,0.42280255230065744,0.0
dla60x,jetson_nano,50.715134271893305,40.024888897114906,61.405379646671705,Extra Trees + log1p target,21.07900438055828,,17.352344,7.143600128,3.571800064,66.19393920898438,0.218366,4.579461,0.4116792357459467,0.05395962308216254,0.9999985807260001,1.559919385550848,123.95820681950002,0.10791924616432508,2.9097573047623406,2.097232358406249,4.207583053119216,1.5199070144426732,0.1975106167596805,1.719092176745545,4.827979335952402,0.93997576797645,0.5747079598845956,0.4142256565971776,0.0
dla60x_c,jetson_nano,9.45228828855565,7.459840026148008,11.444736550963292,Extra Trees + log1p target,21.07900438055828,,1.319832,1.210682368,0.605341184,5.034759521484375,0.067035,14.917489,0.9172996644272421,0.12023236883201946,0.9999938751149999,0.08115809253888,1.597897331122176,0.24046473766403892,0.8414947692631098,0.7933012316728338,1.797536006445607,0.47333630969190094,0.06488377403093139,2.7674184418455092,0.9547023990388105,0.0780327745310411,0.05459935645707837,0.0514723778543197,0.0
dpn68,jetson_nano,45.74540890686413,36.102732159481945,55.38808565424631,Extra Trees + log1p target,21.07900438055828,,12.611602,4.652410112,2.326205056,48.10944366455078,0.186656,5.357435,0.3688991884695388,0.048352357259988356,0.9999973873599999,0.8684002618654719,58.674344673319425,0.09670471451997671,2.6109225173043473,1.7320820226994487,3.894051351633307,1.2018320313056605,0.17113926739138527,1.8496249941171596,4.0889021905696135,0.6250825898007365,0.4468313668271374,0.2964272484265724,0.0
dpn68b,jetson_nano,45.69619835502229,36.063894702018544,55.328502008026035,Extra Trees + log1p target,21.07900438055828,,12.611602,4.652410112,2.326205056,48.10944366455078,0.183065,5.462534,0.3688991884695388,0.048352357259988356,0.99999878671,0.85169345715328,58.674344673319425,0.09670471451997671,2.6109225173043473,1.7320820226994487,3.894051351633307,1.2018320313056605,0.16810852854177055,1.8660215009425647,4.0889021905696135,0.6161006026284208,0.4389183425206093,0.29117776014965796,0.0
eca_nfnet_l0,jetson_nano,20.353249702211563,16.062987305896424,24.643512098526703,Extra Trees + log1p target,21.07900438055828,,24.143924,0.00574208,0.00287104,92.1017608642578,0.284385,3.516366,0.00023782711385990474,3.1172476420499106e-05,1.00000174491,0.0016329614208,0.13863634312192,6.234495284099821e-05,3.224616276900816,0.00572565709639683,4.533693097791139,0.002866926436249039,0.25028000456023036,1.5077076881761522,0.12983135615588073,0.001631629588988605,0.8070569764877293,0.001433017484196514,0.0
eca_resnet33ts,jetson_nano,43.6883856418181,34.479308918584074,52.89746236505213,Extra Trees + log1p target,21.07900438055828,,19.676302,7.247524096,3.623762048,75.05913543701172,0.148853,6.718026,0.3683376951452719,0.04827876018852144,0.999998324178,1.0788157042618882,142.604472865173,0.09655752037704288,3.028988213533951,2.1099130457289412,4.33151113558055,1.5312086698383418,0.13876405334512484,2.0435586318581334,4.967062804215195,0.7317983586078789,0.42031468204457956,0.29278008643110565,0.0
eca_resnext26ts,jetson_nano,20.625997544684445,16.278242618706567,24.973752470662323,Extra Trees + log1p target,21.07900438055828,,10.297988,3.684628736,1.842314368,39.28370666503906,0.116883,8.555565,0.35780080324420627,0.04689767024306585,1.000000103895,0.430670460549888,37.94426250778317,0.0937953404861317,2.424624656767615,1.5442866672995144,3.6959470860852495,1.0446186386173315,0.11054176974865562,2.2571237072888928,3.6621314574300765,0.35814318792573213,0.2680223005353189,0.17070818120254166,0.0
eca_vovnet39b,jetson_nano,115.7095323575332,91.31911496316529,140.09994975190114,Extra Trees + log1p target,21.07900438055828,,22.600316,14.144582656,7.072291328,86.21336364746094,0.182736,5.472377,0.6258577105799003,0.08203242451932638,1.000000283472,2.5847244562268163,319.6720377137193,0.16406484903865276,3.16126010177243,2.717642887546194,4.468357572010772,2.0884373735794224,0.16783039863809662,1.8675434289867416,5.770418911484307,1.2766816109099102,0.5305555430791769,0.45610308917286574,0.0
ecaresnet101d_pruned,jetson_nano,45.04541143651665,35.55028718657281,54.540535686460494,Extra Trees + log1p target,21.07900438055828,,24.87604,6.979719562,3.489859781,94.89456176757812,0.144879,6.902289,0.28057999912445875,0.03677618273607087,0.999996728031,1.011214790422998,173.62778301309447,0.07355236547214174,3.2533174440145216,2.076903268237685,4.563249272956948,1.5018214720905754,0.13529895456611543,2.067152464339911,5.162656754532992,0.6987389128557422,0.4401704490468715,0.2810028409275072,0.0
ecaresnet50d_pruned,jetson_nano,41.40829975978958,32.67984243950883,50.136757080070325,Extra Trees + log1p target,21.07900438055828,,19.939713,5.08738955,2.543694775,76.06396865844727,0.118918,8.409134,0.25513854160596283,0.03344152016285822,0.999997397012,0.6049821905068999,101.44108754619916,0.06688304032571644,3.0416474995222953,1.8062193445069423,4.344635838760119,1.2651699045982465,0.11236214693066837,2.2416809196067113,4.6292878776962825,0.47311266026303206,0.3417660432526242,0.20295068337650457,0.0
ecaresnext26t_32x4d,jetson_nano,37.8363156816598,29.860797041680872,45.81183432163873,Extra Trees + log1p target,21.07900438055828,,15.40622,5.439157248,2.719578624,58.77006530761719,0.143791,6.954522,0.3530494108840838,0.04627489459965975,0.999997672902,0.782101859847168,83.79685317728256,0.0925497891993195,2.7976605312187965,1.8623976694412678,4.090504955484339,1.3136103887508914,0.13434818395964138,2.0737405719894224,4.44025843335085,0.5777934878230865,0.3758606117048109,0.2502097447001028,0.0
ecaresnext50t_32x4d,jetson_nano,38.180422357105584,30.13236945593565,46.22847525827552,Extra Trees + log1p target,21.07900438055828,,15.40622,5.439157248,2.719578624,58.77006530761719,0.143622,6.962713,0.3530494108840838,0.04627489459965975,0.999998766486,0.781182642272256,83.79685317728256,0.0925497891993195,2.7976605312187965,1.8623976694412678,4.090504955484339,1.3136103887508914,0.1342004187766093,2.074769770932961,4.44025843335085,0.5772775494551251,0.37544721488435373,0.2499345471675993,0.0
edgenext_small_rw,jetson_nano,12.127580775267626,9.57120749239322,14.683954058142032,Extra Trees + log1p target,21.07900438055828,,7.826512,2.40017568,1.20008784,29.85577392578125,0.152435,6.560152,0.306672419760882,0.040196171192451356,0.99999677012,0.36587077978079996,18.785003761628158,0.08039234238490271,2.177759919588564,1.223827100875472,3.429323894128413,0.788497286839925,0.14187709516585462,2.022891295809428,2.9849242649626238,0.31179215914893366,0.30897425135985057,0.1736330340574613,0.0
edgenext_xx_small,jetson_nano,8.322328846274395,6.5680647842037505,10.07659290834504,Extra Trees + log1p target,21.07900438055828,,1.327216,0.393576428,0.196788214,5.06292724609375,0.081518,12.267246,0.2965426362079449,0.0388684580216656,1.000001359428,0.03208356325770399,0.5223609324644479,0.0777369160433312,0.8446727033900711,0.3318734125069192,1.8021927273629295,0.1796414802617771,0.07836560982309818,2.5852982910105564,0.420262374863155,0.031579635930241476,0.06619329150208784,0.02600746235517734,0.0
efficientnet_b2a,jetson_nano,13.24414922248301,10.452414427708142,16.035884017257878,Extra Trees + log1p target,21.07900438055828,,9.109994,1.31806768,0.65903384,34.75186920166016,0.09826,10.177125,0.14468368862990594,0.018963981972070002,1.0000043025,0.1295133302368,12.00758865639392,0.037927963944140004,2.313524439560394,0.840733942075443,3.5766025531343084,0.5062354088302926,0.09372710922724455,2.4138692790217107,2.5655329299495166,0.12178685874808967,0.21683995784657678,0.07879956201995694,0.0
efficientnet_b3a,jetson_nano,16.53640747800014,13.050697421325523,20.022117534674756,Extra Trees + log1p target,21.07900438055828,,12.233232,1.92557008,0.96278504,46.66607666015625,0.130846,7.642597,0.15740483975086556,0.020631368400220854,1.000003247062,0.25195314268768,23.555945520898558,0.04126273680044171,2.582731241564986,1.073489360838748,3.864219963756233,0.6743644034397397,0.12296602517511619,2.1567031163549397,3.2009540049970027,0.22470484600923105,0.31758819487083917,0.13200271977011688,0.0
ese_vovnet19b_dw,jetson_nano,10.389871059290448,8.199789683568257,12.579952435012638,Extra Trees + log1p target,21.07900438055828,,6.54308,2.667082048,1.333541024,24.959869384765625,0.076266,13.111979,0.40761868116870326,0.05342740180309322,0.999998190414,0.203407679472768,17.45093120662784,0.10685480360618645,2.0206305866749896,1.299396263532089,3.2565518604197505,0.8473868667117375,0.0734976430836778,2.64702401116809,2.9151148411168206,0.1851572652635334,0.14851158566340086,0.09550256280134602,0.0
ese_vovnet19b_slim,jetson_nano,13.622078730157941,10.750680157904851,16.49347730241103,Extra Trees + log1p target,21.07900438055828,,3.166136,3.360480768,1.680240384,12.077850341796877,0.05028,19.888511,1.0613819831548665,0.13911749171686882,0.9999943330800001,0.16896497301504,10.639739136872448,0.27823498343373765,1.4269889875291721,1.4725823191717944,2.5709199855651863,0.9859064860227504,0.04905679528686284,3.0391992949045643,2.4544250311305524,0.156118718837467,0.07000350663782627,0.07224016937466443,0.0
ese_vovnet19b_slim_dw,jetson_nano,6.788793741686318,5.357783611489193,8.219803871883443,Extra Trees + log1p target,21.07900438055828,,1.897752,0.796193952,0.398096976,7.239349365234375,0.038426,26.023988,0.4195456163157165,0.054990704402398616,0.999997762888,0.030594548799552,1.510978664795904,0.10998140880479723,1.0639352639771444,0.5856699551407037,2.1089213802740248,0.3351120090738904,0.0377061051750312,3.296724916015612,0.9206725834431756,0.03013586755155147,0.04011685496294679,0.02208333292639118,0.0
ese_vovnet39b,jetson_nano,104.05578224522463,82.12185934752955,125.98970514291972,Extra Trees + log1p target,21.07900438055828,,24.568936,14.148489216,7.074244608,93.72305297851562,0.184634,5.416108,0.5758690014142654,0.07548030402020027,0.999997684472,2.612292157906944,347.6133260445942,0.15096060804040054,3.2413781771741235,2.7179008052666656,4.550957402230664,2.0886793177360232,0.16943386612029293,1.8588117033402471,5.853963359677691,1.2843425176399916,0.5491992361165595,0.46050444116778855,0.0
ese_vovnet39b_evos,jetson_nano,112.99570159111745,89.17733270288325,136.81407047935167,Extra Trees + log1p target,21.07900438055828,,24.579144,14.148489216,7.074244608,93.76199340820312,0.269126,3.715728,0.5756298364324715,0.07544895618582408,0.9999990137279999,3.807726308745216,347.75775382251106,0.15089791237164815,3.241777331947305,2.7179008052666656,4.5513684154581275,2.0886793177360232,0.23832847458338918,1.550903305015193,5.854377566071249,1.570224271474816,0.7726078464620105,0.6477531529881695,0.0
fbnetc_100,jetson_nano,11.175515540426197,8.819828130109789,13.531202950742605,Extra Trees + log1p target,21.07900438055828,,5.5722,0.77011872,0.38505936,21.256256103515625,0.055845,17.906794,0.1382072757246194,0.018115106442531413,1.00000491093,0.043007279918400004,4.2912555315839995,0.036230212885062826,1.8828486318483095,0.5710466177827425,3.102623142282189,0.32574299792664846,0.05434139420775653,2.9395213283708834,1.666055558273475,0.04210815578181275,0.10231661973680403,0.03103146936793808,0.0
fbnetv3_g,jetson_nano,20.580077318394014,16.24200191892746,24.91815271786057,Extra Trees + log1p target,21.07900438055828,,16.623888,2.086356288,1.043178144,63.41510009765625,0.138225,7.234604,0.12550350209869662,0.016449995757218068,1.0000031378999998,0.2883865979088,34.683353259807745,0.032899991514436136,2.8692552545093544,1.1269912002903928,4.1653480791917685,0.714506509292958,0.1294700314510296,2.108345275041672,3.5746842847926783,0.2533907363009657,0.371482568042358,0.14591158614663075,0.0
gcresnet33ts,jetson_nano,44.8131977210062,35.36702181032706,54.259373631685335,Extra Trees + log1p target,21.07900438055828,,19.880698,7.249829376,3.624914688,75.8388442993164,0.150303,6.653236,0.3646667240422482,0.04779759862763462,1.000001330508,1.089671104700928,144.13166837578444,0.09559519725526924,3.0388251915744715,2.110192518435751,4.341710297434782,1.5314579249564242,0.14002538593172703,2.0351285649323496,4.97764138814957,0.7370066874215596,0.4255126702292697,0.295480521784209,0.0
gcresnext26ts,jetson_nano,21.16867249989665,16.7065270963374,25.630817903455902,Extra Trees + log1p target,21.07900438055828,,10.4766,3.686463488,1.843231744,39.96505737304688,0.12064,8.289111,0.35187590784453854,0.0461210822412587,0.99999835104,0.44473495519232,38.6216033783808,0.0922421644825174,2.440310179777853,1.5446782442853313,3.7127194441309856,1.0449413432405599,0.11389995067529529,2.2288428539518153,3.6793745093657653,0.3679258827282856,0.2779512091091184,0.17593877583330098,0.0
gcresnext50ts,jetson_nano,40.13080929841408,31.671634248447887,48.58998434838027,Extra Trees + log1p target,21.07900438055828,,15.66732,5.693432832,2.846716416,59.76608276367188,0.198194,5.045573,0.36339542873985925,0.04763096787898195,1.000002295162,1.128404226705408,89.20083407745024,0.0952619357579639,2.8134499159917365,1.901126871383576,4.107031784034607,1.347219905430465,0.18081542314388296,1.7993262686564406,4.502038674004209,0.7553725095985676,0.5087151370541678,0.34375305969942765,0.0
gcvit_xtiny,jetson_nano,44.67167982923683,35.25533448116303,54.08802517731063,Extra Trees + log1p target,21.07900438055828,,19.981294,5.367785984,2.683892992,76.22258758544922,0.334084,2.993255,0.2686405452699637,0.03521125484988254,0.99999860342,1.793291412678656,107.25530987538329,0.07042250969976507,3.0436312788545243,1.851251839937118,4.346691999539744,1.303970071282815,0.2882449140267403,1.3846066878000856,4.68449241764618,1.027220618318994,0.87731123630252,0.5336139274445194,0.0
gcvit_xxtiny,jetson_nano,30.864942466407303,24.358919891856516,37.37096504095809,Extra Trees + log1p target,21.07900438055828,,11.995428,3.877759488,1.938879744,45.75892639160156,0.262697,3.80667,0.32326976284049536,0.04237161696136819,1.00000078899,1.018675784219136,46.51538473962087,0.08474323392273637,2.564597603295601,1.5846859931251203,3.8450051763659796,1.0780284692808282,0.23324990959842554,1.570004536669729,3.86105354785497,0.7024417440779425,0.5981921591250378,0.3696278646383255,0.0
gernet_m,jetson_nano,44.42205308448368,35.05832656887144,53.785779600095914,Extra Trees + log1p target,21.07900438055828,,21.14292,6.009273088,3.004636544,80.65383911132812,0.111385,8.977902,0.2842215173579847,0.03725348402323608,1.00000361427,0.6693428829068799,127.05358015773695,0.07450696804647217,3.0975178065695816,1.9472339992359855,4.4024888374333155,1.3874528258404435,0.10560698528169302,2.300372847783077,4.8524487713154985,0.5124300657045072,0.32711951740817585,0.20564151229732694,0.0
gernet_s,jetson_nano,10.313902053733901,8.139834188020842,12.48796991944696,Extra Trees + log1p target,21.07900438055828,,8.173761,1.488467008,0.744233504,31.180423736572266,0.041242,24.246892,0.1821030521808685,0.0238686134101012,0.999990319864,0.061387356343936,12.166373579777089,0.0477372268202024,2.21634734394986,0.9116668614427719,3.4713583091771167,0.556315206432591,0.040414231396171146,3.2287030590363717,2.577666123227449,0.05957687909644013,0.08957197441267896,0.036844315494569284,0.0
gluon_inception_v3,jetson_nano,45.53282625420149,35.934959813486365,55.13069269491661,Extra Trees + log1p target,21.07900438055828,,23.834568,5.675948736,2.837974368,90.92166137695312,0.14045,7.119992,0.23813934860747846,0.031213401666964805,1.0000028764,0.7971869999711999,135.28378611270605,0.06242680333392961,3.2122365536023048,1.8985113269204956,4.5209367075389695,1.344944719084833,0.13142292136041828,2.0943291689514263,4.914739374272912,0.5862226646973876,0.42216151197513674,0.24950790481973564,0.0
gluon_resnet18_v1b,jetson_nano,21.26809084095504,16.784989040929013,25.751192640981067,Extra Trees + log1p target,21.07900438055828,,11.689512,3.648067584,1.824033792,44.59194946289063,0.057994,17.243236,0.31208037357929286,0.040905001307757524,1.0000042285839998,0.211566031466496,42.64412979997901,0.08181000261551505,2.5407758255101123,1.536451559891403,3.819731154067674,1.0381662855650693,0.05637466234252229,2.9037943811911897,3.776068789850821,0.19191376368226457,0.1432353792511759,0.0866169378945195,0.0
gluon_resnet34_v1b,jetson_nano,42.757811470341245,33.74489051747717,51.770732423205324,Extra Trees + log1p target,21.07900438055828,,21.797672,7.357478912,3.678739456,83.15151977539062,0.102352,9.770213,0.33753506220595203,0.04424139717103952,1.000000840976,0.753052681601024,160.37591207069286,0.08848279434207904,3.12665842548414,2.123156816066337,4.4326189807873435,1.5430287266405882,0.09744607896500827,2.376784268131506,5.083736501021899,0.5613586577414018,0.30468060382633594,0.20689330675349582,0.0
gmixer_12_224,jetson_nano,45.95259648634221,36.26624666000587,55.63894631267855,Extra Trees + log1p target,21.07900438055828,,12.70108,5.333673984,2.666836992,48.450775146484375,0.124905,8.006104,0.4199385850700425,0.05504219341991919,1.0000024201200002,0.66620254897152,67.74341996470271,0.11008438683983839,2.6174746618437794,1.845880475999233,3.9009777333044964,1.2993294354150196,0.11769858764630617,2.1979025696696883,4.2303810223619,0.5105471143687608,0.30807307089900565,0.21725752498900108,0.0
gmixer_24_224,jetson_nano,65.67626239303634,51.832360166221264,79.52016461985141,Extra Trees + log1p target,21.07900438055828,,24.721096,10.550372352,5.275186176,94.30349731445312,0.244096,4.096741,0.4267760590074138,0.05593839327582523,0.999998091136,2.575303689633792,260.8167677495378,0.11187678655165045,3.2473115112142428,2.446717674716559,4.557066507934895,1.836603154059789,0.21840916175751063,1.628601315862385,5.56764489936041,1.2740501206873938,0.7092425851298179,0.5343855563921293,0.0
gmlp_s16_224,jetson_nano,61.07876683526555,48.203970898468945,73.95356277206214,Extra Trees + log1p target,21.07900438055828,,19.422656,8.832692224,4.416346112,74.091552734375,0.249147,4.013693,0.45476230280954866,0.059606606818275204,0.999999569871,2.200638769532928,171.55434262062695,0.11921321363655041,3.016644872838573,2.285712774992889,4.318708072209026,1.6894214390333946,0.22246091837335116,1.6121727693015249,5.150712216544776,1.163350405364202,0.67108558881793,0.508481763062619,0.0
hardcorenas_a,jetson_nano,9.390320529676517,7.410934453877541,11.369706605475493,Extra Trees + log1p target,21.07900438055828,,5.260232,0.445991872,0.222995936,20.066192626953125,0.043142,23.17925,0.08478557356679828,0.011113016257376759,0.9999992034999999,0.019240981341824,2.346020716834304,0.022226032514753517,1.8342172451281518,0.3687955026972618,3.0476695103463944,0.2013035337232264,0.042237312485107294,3.185494827335871,1.2077717940679706,0.019058214350214445,0.0774724069480504,0.015576930890526476,0.0
hardcorenas_b,jetson_nano,10.344109578810697,8.163674267563442,12.524544890057951,Extra Trees + log1p target,21.07900438055828,,5.176544,0.501200128,0.250600064,19.7469482421875,0.045444,22.005136,0.09682136019294724,0.0126905711321026,1.0000014003839999,0.022776538616832,2.594484515397632,0.0253811422642052,1.8207588917449584,0.4062648735438463,3.0323991631947997,0.22362348732649498,0.04444167556343841,3.135717495348271,1.279400591572622,0.022521025783882313,0.08091757594617512,0.01805509170285695,0.0
hardcorenas_c,jetson_nano,9.292892337022057,7.3340431542206135,11.2517415198235,Extra Trees + log1p target,21.07900438055828,,5.521224,0.5376528,0.2688264,21.061798095703125,0.048063,20.805867,0.097379259131805,0.012763695958663095,0.999992385621,0.025841206526400002,2.9685015430272004,0.02552739191732619,1.8750620883808284,0.43025709787428196,3.093847519828363,0.23809237874377326,0.046943698595862844,3.082179062026848,1.3783885783674654,0.02551296530310147,0.08802234952547874,0.02019785952134095,0.0
hardcorenas_d,jetson_nano,9.447234287928044,7.455851358534089,11.438617217322,Extra Trees + log1p target,21.07900438055828,,7.500208,0.573111232,0.286555616,28.61102294921875,0.056851,17.589824,0.07641270156604969,0.010015566604977263,0.999999084224,0.032581946650432,4.298453447136256,0.020031133209954526,2.140090633785106,0.4530553348627875,3.3881466889405525,0.25196858227552016,0.05529373195633219,2.9226143342329145,1.6674149755483425,0.032062409919554696,0.11833359786677074,0.025051120247289296,0.0
hardcorenas_e,jetson_nano,11.016116216251366,8.694028596460349,13.338203836042382,Extra Trees + log1p target,21.07900438055828,,8.070992,0.67491552,0.33745776,30.78839111328125,0.060244,16.599292,0.0836223646830074,0.010960551585752676,1.0000077472479998,0.04065961058688,5.44723776259584,0.021921103171505352,2.2050816297009885,0.5157627281842055,3.459101163804974,0.29077061798091336,0.058499070313871984,2.8678586739622403,1.863651785219697,0.039854753056416885,0.12899522530370555,0.030171640101322283,0.0
hardcorenas_f,jetson_nano,11.073777822496007,8.739535710198783,13.40801993479323,Extra Trees + log1p target,21.07900438055828,,8.199688,0.681347392,0.340673696,31.279327392578125,0.058666,17.045757,0.0830942968690642,0.010891336659288188,1.000006380162,0.039971926099072005,5.586836034013697,0.021782673318576376,2.2191695704364562,0.519595491017369,3.474427006523513,0.29317224583121093,0.057009624993659413,2.892910587893705,1.8850731169870685,0.03919371865342537,0.1265140250079226,0.029621944091296537,0.0
hrnet_w18,jetson_nano,52.15924688821558,41.16459695178241,63.15389682464875,Extra Trees + log1p target,21.07900438055828,,21.299004,8.7004092,4.3502046,81.24925231933594,0.238808,4.187461,0.4084889974907278,0.05354147173392823,0.9999991864879999,2.0777273202336,185.31005035243678,0.10708294346785646,3.1045420137914914,2.272168070186561,4.409754299261744,1.6771348031673248,0.21414962695850628,1.6462443674562666,5.227412223293816,1.12419144157476,0.6648365141304577,0.4865839446174812,0.0
lambda_resnet26t,jetson_nano,39.25588218648075,30.981133060765675,47.53063131219582,Extra Trees + log1p target,21.07900438055828,,10.958272,4.588204544,2.294102272,41.802490234375,0.128148,7.803463,0.41869777692160076,0.05487955871188641,0.999998176524,0.587969235904512,50.27879338478796,0.10975911742377283,2.481423256478662,1.7206580448765536,3.7565962839413283,1.1921336792394692,0.12057735014291444,2.175145166801673,3.937277282397749,0.462455989781187,0.2992034408491986,0.2074723875533028,0.0
lambda_resnet50ts,jetson_nano,49.46701222306099,39.039858549630665,59.894165896491316,Extra Trees + log1p target,21.07900438055828,,21.536832,7.694951936,3.847475968,82.156494140625,0.214375,4.66473,0.35729264075177625,0.046831062613057944,1.00000149375,1.6496053212800001,165.72488709370674,0.09366212522611589,3.115150948600438,2.162742620016385,4.420724304099997,1.5784581505153668,0.1942295411495675,1.7342592322673571,5.116345071317402,0.9744106935401202,0.605054339358303,0.4200685067103959,0.0
lcnet_150,jetson_nano,8.926638431816686,7.044991925737448,10.808284937895923,Extra Trees + log1p target,21.07900438055828,,4.501112,0.665893632,0.332946816,17.170379638671875,0.036241,27.59296,0.1479397722296685,0.019390765004365873,0.9999964633600001,0.024132651117312,2.9972618177187837,0.038781530008731746,1.7049502536206178,0.5103616953678513,2.8997927758976725,0.28739214242613265,0.03559974226680463,3.3531605336788224,1.385609581141286,0.02384606033421188,0.06069578960661718,0.018168744817944962,0.0
legacy_seresnet18,jetson_nano,21.442293042272723,16.922471152599915,25.962114931945532,Extra Trees + log1p target,21.07900438055828,,11.778592,3.648241664,1.824120832,44.9317626953125,0.062852,15.910472,0.3097349287813918,0.040597579128421823,1.0000049861440001,0.22929928506572803,42.971150077657086,0.08119515825684365,2.547771270736017,1.5364890113133334,3.827156875465704,1.038197106251046,0.06095586106830318,2.8279330749987666,3.7835337388128383,0.20644432011263403,0.1553015916127989,0.09365801070659006,0.0
legacy_seresnet34,jetson_nano,40.87431135830677,32.258413476566254,49.490209240047285,Extra Trees + log1p target,21.07900438055828,,21.958868,7.35779328,3.67889664,83.76643371582031,0.110249,9.070355,0.33507159590049923,0.043918505693608036,0.9999975683949999,0.81118935132672,161.56881140680704,0.08783701138721607,3.1337042671000375,2.123194430530095,4.4398996356140765,1.5430623214498758,0.10458431449162799,2.3095959593364985,5.091101366949227,0.593983729662447,0.32773631259414693,0.22205283404943243,0.0
legacy_seresnext26_32x4d,jetson_nano,40.58621195978322,32.03104256287785,49.14138135668859,Extra Trees + log1p target,21.07900438055828,,16.79028,5.019467776,2.509733888,64.04983520507812,0.143822,6.953049,0.2989507904007086,0.03918407972136263,1.000001413278,0.721909894479872,84.27826941001727,0.07836815944272527,2.8786522407331985,1.7949988461100714,4.175153671597552,1.2555402192190275,0.13437528644594646,2.073555377153051,4.4459196671771215,0.5434340785504607,0.38681971942678917,0.24120348411618422,0.0
levit_256,jetson_nano,20.005143809385658,15.788258669468272,24.22202894930304,Extra Trees + log1p target,21.07900438055828,,18.893876,2.120889344,1.060444672,72.07441711425781,0.05999,16.66956,0.11225273372955694,0.014713190889989609,1.0000069044000002,0.12723215174656,40.071820275257345,0.029426381779979218,2.9904119456757106,1.1381180073573007,4.291478334424379,0.722921819701205,0.058259474117211524,2.8718433850594884,3.7153222482733144,0.11976520474643182,0.1742198273488942,0.06630615659196501,0.0
mixer_s16_224,jetson_nano,45.636485650377004,36.01676884100119,55.25620245975282,Extra Trees + log1p target,21.07900438055828,,18.528264,7.5675648,3.7837824,70.67971801757812,0.13579,7.364333,0.4084335365453808,0.053534202633982876,1.00000277807,1.027599624192,140.2138384515072,0.10706840526796575,2.9718628520488473,2.147983538204613,4.272207834752382,1.565231530664026,0.12732844405547042,2.1239765942602213,4.950275326287369,0.7068526422698179,0.3784026728976324,0.27349940177635745,0.0
mixnet_l,jetson_nano,12.057321974161237,9.515758547049774,14.5988854012727,Extra Trees + log1p target,21.07900438055828,,7.329252,1.110657184,0.555328592,27.95887756347656,0.131654,7.595694,0.1515375692447784,0.01986233427564726,1.000003497876,0.14622246090233598,8.140286387146368,0.03972466855129452,2.1197736562284892,0.746999360605251,3.3658768085991526,0.4416868364909912,0.12368027934912788,2.151261380194106,2.2126917183609955,0.13647171891482934,0.2621741979592617,0.09238908959327735,0.0
mixnet_xl,jetson_nano,17.46270121635853,13.78173766199851,21.143664770718544,Extra Trees + log1p target,21.07900438055828,,11.896768,1.80817536,0.90408768,45.382568359375,0.1843,5.425932,0.15198877611223685,0.019921474098143724,0.9999992676,0.33324671884799995,21.511442761236477,0.03984294819628745,2.5569767373409182,1.032534934356086,3.83692370673606,0.6440029857290536,0.16915188274531232,1.860341678627095,3.1140237470999876,0.28761710947773256,0.43251742925718223,0.1746552281466394,0.0
mixnet_xxl,jetson_nano,47.92729381843645,37.8246974549652,58.02989018190771,Extra Trees + log1p target,21.07900438055828,,23.961752,3.985603968,1.992801984,91.40682983398438,0.306546,3.262149,0.16633190267840586,0.02180145581919783,0.999998727354,1.2217709539745278,95.50205385143194,0.04360291163839566,3.2173447333455547,1.60655455314609,4.526200891868201,1.0962100669759314,0.26738701393124487,1.449773493177958,4.569564291552979,0.7983046048846604,0.8602762010366851,0.42957182468337846,0.0
mnasnet_a1,jetson_nano,8.85960135282837,6.992085595565678,10.727117110091063,Extra Trees + log1p target,21.07900438055828,,3.887038,0.623286144,0.311643072,14.827873229980469,0.048655,20.552825,0.1603498560215115,0.021017380318069406,0.9999977003749999,0.030325987336320002,2.422736926601472,0.04203476063613881,1.5865863939893197,0.484452578599348,2.76177251426571,0.27128060472942717,0.047508390667692496,3.0705068984453887,1.2304405019645688,0.029875244727873184,0.07537616623369009,0.02301556236406883,0.0
mnasnet_b1,jetson_nano,10.746306400881904,8.481092003891794,13.011520797872015,Extra Trees + log1p target,21.07900438055828,,4.383312,0.628959744,0.314479872,16.72100830078125,0.045452,22.001351,0.14348958059805447,0.01880746947406498,1.000005405652,0.028587478284288,2.756926793392128,0.03761493894812996,1.6833037981444066,0.48794161722125046,2.8747508454080437,0.2734410527845243,0.044449327785261054,3.1355529533345092,1.3236012810126168,0.02818648073245916,0.07482172228589563,0.021688676883937743,0.0
mobilevitv2_050,jetson_nano,8.01615903594573,6.326432521606211,9.705885550285249,Extra Trees + log1p target,21.07900438055828,,1.370593,0.723932928,0.361966464,5.228397369384766,0.055165,18.127273,0.5281891851270325,0.06923085014323291,0.9999910150449999,0.039935759973119996,0.992217403586304,0.13846170028646582,0.8631401348199597,0.5446082666122973,1.8291190556269363,0.30892958481037586,0.053697152803386744,2.951115222323739,0.6892482915537885,0.03915894198886681,0.04634816771016321,0.029243913310268117,0.0
mobilevitv2_075,jetson_nano,9.531395593220356,7.522272298597099,11.540518887843614,Extra Trees + log1p target,21.07900438055828,,2.866009,1.602093696,0.801046848,10.93295669555664,0.073577,13.59118,0.5589979434824024,0.07326899731127293,0.99999825086,0.117877247870592,4.591614951579264,0.14653799462254585,1.3522227087710135,0.9563163886656711,2.4793040424155977,0.5883680780709432,0.07099606375691696,2.680417236577529,1.7212681455470338,0.11143157252471532,0.09600248964545782,0.06789469930149257,0.0
mobilevitv2_100,jetson_nano,13.84089708027832,10.923373778417892,16.758420382138752,Extra Trees + log1p target,21.07900438055828,,4.901841,2.824384,1.412192,18.69903945922852,0.099919,10.008119,0.5761882981948417,0.07552216398906406,1.000001242361,0.282209624896,13.844681290944,0.1510443279781281,1.7752643361375267,1.3413974085576057,2.9805698761404167,0.8805358776869184,0.09523654072939837,2.398633091452324,2.697641638867306,0.2485848590909663,0.1690700342540099,0.12775004893440584,0.0
mobilevitv2_125,jetson_nano,32.80750971078128,25.892013301693613,39.72300611986895,Extra Trees + log1p target,21.07900438055828,,7.478089,4.39080384,2.19540192,28.52664566040039,0.139595,7.163592,0.5871557897805456,0.07695969127165492,1.0000016252400001,0.6129342620448001,32.83482189706176,0.15391938254330984,2.13748507063425,1.684694509237315,3.3852930983929705,1.1617128764748952,0.13067293612760356,2.099684268196577,3.521490505803385,0.47805504322564196,0.2793114501086955,0.22014397800009206,0.0
mobilevitv2_150,jetson_nano,91.56669780149832,72.26534956078794,110.8680460422087,Extra Trees + log1p target,21.07900438055828,,10.594753,6.301353216,3.150676608,40.415775299072266,0.175792,5.688541,0.5947616354282506,0.07795660250802415,0.999999999472,1.107727484547072,66.76128088927565,0.1559132050160483,2.4505526681951304,1.9880597030298637,3.7236618541230384,1.4232713590256338,0.16194196308466047,1.9003957636592133,4.215990953489745,0.7456103455418263,0.39684730972987203,0.32195029103816325,0.0
mobilevitv2_150_384_in22ft1k,jetson_nano,92.17602533558278,72.74623691727078,111.60581375389478,Extra Trees + log1p target,21.07900438055828,,10.594753,6.301353216,3.150676608,40.415775299072266,0.17592,5.684403,0.5947616354282506,0.07795660250802415,1.0000001757599999,1.10853405775872,66.76128088927565,0.1559132050160483,2.4505526681951304,1.9880597030298637,3.7236618541230384,1.4232713590256338,0.16205081995159515,1.8997769021531654,4.215990953489745,0.7459929466747939,0.39711406921559017,0.32216670498871414,0.0
mobilevitv2_150_in22ft1k,jetson_nano,90.44509853356246,71.38017225167258,109.51002481545234,Extra Trees + log1p target,21.07900438055828,,10.594753,6.301353216,3.150676608,40.415775299072266,0.175985,5.682299,0.5947616354282506,0.07795660250802415,0.9999993895150001,1.10894364571776,66.76128088927565,0.1559132050160483,2.4505526681951304,1.9880597030298637,3.7236618541230384,1.4232713590256338,0.16210609429304734,1.8994620900151562,4.215990953489745,0.7461871802850819,0.39724952190051854,0.3222765936795668,0.0
mobilevitv2_175,jetson_nano,99.38757686803557,78.43766518629162,120.33748854977951,Extra Trees + log1p target,21.07900438055828,,14.251833,8.556032128,4.278016064,54.36642837524414,0.220477,4.535623,0.6003460416392726,0.07868856044366238,1.000000552171,1.886408295485056,121.93914103089062,0.15737712088732475,2.724699692551685,2.257172591534094,4.013973424063084,1.6635502816536132,0.19924176593754941,1.7112041162854952,4.811689444557518,1.0600129248721486,0.5428739783934957,0.44972305316308775,0.0
mobilevitv2_175_384_in22ft1k,jetson_nano,99.46746536149794,78.5007139807175,120.43421674227838,Extra Trees + log1p target,21.07900438055828,,14.251833,8.556032128,4.278016064,54.36642837524414,0.220646,4.532148,0.6003460416392726,0.07868856044366238,1.000000327608,1.887854264914688,121.93914103089062,0.15737712088732475,2.724699692551685,2.257172591534094,4.013973424063084,1.6635502816536132,0.1993802268018893,1.7105761668792077,4.811689444557518,1.060513757470158,0.543251242667993,0.4500355832310759,0.0
mobilevitv2_175_in22ft1k,jetson_nano,97.04856114918115,76.59169069327648,117.50543160508583,Extra Trees + log1p target,21.07900438055828,,14.251833,8.556032128,4.278016064,54.36642837524414,0.22064,4.532267,0.6003460416392726,0.07868856044366238,0.99999939088,1.88780292872192,121.93914103089062,0.15737712088732475,2.724699692551685,2.257172591534094,4.013973424063084,1.6635502816536132,0.19937531135978215,1.7105976772798939,4.811689444557518,1.0604959807250887,0.5432378495643949,0.45002448822987634,0.0
mobilevitv2_200,jetson_nano,109.12839210539354,86.12521355306482,132.13157065772225,Extra Trees + log1p target,21.07900438055828,,18.449329,11.154840576,5.577420288,70.37860488891602,0.262241,3.813284,0.6046203616066275,0.07924880320595257,0.999999409444,2.925256547490816,205.7993237291735,0.15849760641190513,2.967812570754708,2.4977274917626975,4.26799817302534,1.8836426149687207,0.2328887126066914,1.5713795954365666,5.33174887246052,1.3674317115163843,0.6911700488610191,0.581692539998955,0.0
mobilevitv2_200_384_in22ft1k,jetson_nano,109.39161309422866,86.33295017813285,132.45027601032447,Extra Trees + log1p target,21.07900438055828,,18.449329,11.154840576,5.577420288,70.37860488891602,0.262156,3.814528,0.6046203616066275,0.07924880320595257,1.000001402368,2.924308386041856,205.7993237291735,0.15849760641190513,2.967812570754708,2.4977274917626975,4.26799817302534,1.8836426149687207,0.23282136979172832,1.5716380134461672,5.33174887246052,1.3671901283301569,0.6909701880082217,0.5815243359986491,0.0
mobilevitv2_200_in22ft1k,jetson_nano,109.37657218044035,86.32107973922085,132.43206462165986,Extra Trees + log1p target,21.07900438055828,,18.449329,11.154840576,5.577420288,70.37860488891602,0.262021,3.816495,0.6046203616066275,0.07924880320595257,1.000001836395,2.922802482564096,205.7993237291735,0.15849760641190513,2.967812570754708,2.4977274917626975,4.26799817302534,1.8836426149687207,0.2327144042341397,1.5720464851167983,5.33174887246052,1.366806317390956,0.6906527342817724,0.5812571651847882,0.0
mvitv2_tiny,jetson_nano,47.0733513219486,37.15075753471947,56.99594510917773,Extra Trees + log1p target,21.07900438055828,,24.17332,7.94828544,3.97414272,92.21389770507812,0.412647,2.423377,0.32880403317359663,0.043097003551603966,0.9999992489189999,3.27983614195968,192.1364473924608,0.08619400710320793,3.2257847035079785,2.191461942984985,4.534896827581986,1.604253038174235,0.34546524941992945,1.2306274907898367,5.263396920419414,1.453914724271972,1.114396517172377,0.7570739467275911,0.0
nf_ecaresnet26,jetson_nano,21.336016781134592,16.838596869202583,25.833436693066602,Extra Trees + log1p target,21.07900438055828,,15.99522,0.005096448,0.002548224,61.01692199707031,0.162128,6.167967,0.00031862316875771833,4.176257790191012e-05,1.000000153776,0.0008262769213439999,0.08151880697856,8.352515580382024e-05,2.8329321280481126,0.0050835050655938605,4.1274072832416095,0.0025449827822877484,0.15025280726844903,1.969622071867389,0.07836635597642984,0.0008259357424944983,0.42565600504021023,0.0007638109068688586,0.0
nf_resnet26,jetson_nano,19.58603011180581,15.457489966560802,23.71457025705082,Extra Trees + log1p target,21.07900438055828,,15.995176,0.005003264,0.002501632,61.01675415039063,0.151403,6.604882,0.00031279828913428095,4.0999099244693035e-05,0.9999989494460001,0.0007575091793920001,0.080028088254464,8.199819848938607e-05,2.8329295390815115,0.004990789266959139,4.127404576772126,0.0024985081274366857,0.14098119877988807,2.0287904094830562,0.07698704844095768,0.0007572224141226464,0.3993898024786673,0.0007036074537136982,0.0
nf_seresnet26,jetson_nano,21.681926553648328,17.111592305615368,26.252260801681288,Extra Trees + log1p target,21.07900438055828,,17.395976,0.007788544,0.003894272,66.36038208007812,0.165115,6.056393,0.0004477209874443958,5.8683687755399486e-05,1.0000013301950001,0.00128600544256,0.135489324498944,0.00011736737551079897,2.9121319450453846,0.007758369864963376,4.21005704212817,0.003886708951481578,0.15281979459226291,1.9539340144323658,0.12706368093314618,0.0012851792458140033,0.44503140566740274,0.0011856324891345057,0.0
pit_s_224,jetson_nano,47.27220101740345,37.30769169415866,57.23671034064823,Extra Trees + log1p target,21.07900438055828,,23.461912,4.847061888,2.423530944,89.50009155273438,0.149833,6.674091,0.20659278243849932,0.027078530031374334,0.9999990768029999,0.7262498238647039,113.72133947480987,0.05415706006274867,3.1971172956423,1.7659392937108027,4.505350862337793,1.2306724582412134,0.1396167144387881,2.037849849977022,4.742506052818797,0.5459513237078789,0.44637101249300143,0.24655464208625627,0.0
pit_s_distilled_224,jetson_nano,48.04042478158096,37.913981537432704,58.166868025729215,Extra Trees + log1p target,21.07900438055828,,24.039056,4.893492096,2.446746048,91.70172119140624,0.15044,6.647188,0.20356422866337895,0.026681571398331876,1.00000296272,0.73617695092224,117.63493053130138,0.05336314279666375,3.2204368458407355,1.7738487075450453,4.529387039728524,1.2374306114815792,0.14014447789476847,2.0343379985643852,4.776050967072677,0.5516855412983696,0.45132644035342484,0.24859510098321022,0.0
pit_xs_224,jetson_nano,14.795235938858927,11.676547507192922,17.91392437052493,Extra Trees + log1p target,21.07900438055828,,10.618888,2.193044736,1.096522368,40.507843017578125,0.090788,11.014723,0.20652299275376174,0.027069383587143545,1.0000046717239999,0.199102145491968,23.28769643057357,0.05413876717428709,2.452632049770498,1.1609749242827898,3.7258823977559756,0.7402799567823538,0.08690037082867386,2.4861328144074837,3.1899699023939028,0.18157306465356204,0.21313463463134674,0.100889151442966,0.0
pit_xs_distilled_224,jetson_nano,15.104765284034524,11.920831148139841,18.28869941992921,Extra Trees + log1p target,21.07900438055828,,11.003984,2.213952768,1.106976384,41.97686767578125,0.091232,10.961122,0.201195545795455,0.026371104346777426,1.0000050823039999,0.20198333893017598,24.362300835827714,0.05274220869355485,2.4852385946881954,1.1675015715010528,3.7606620099122687,0.7452539264061292,0.08730733319027262,2.4816615568313787,3.233263852418398,0.18397297489396788,0.21697955404376718,0.1019314487032093,0.0
poolformer_s12,jetson_nano,23.29803457970373,18.387040850064,28.209028309343463,Extra Trees + log1p target,21.07900438055828,,11.915176,3.626642432,1.813321216,45.45278930664063,0.119179,8.390718,0.30437167924572167,0.039894607212597785,0.9999973805219999,0.432219618403328,43.212082866348034,0.07978921442519557,2.5584030540197964,1.5318314283564844,3.8384365131155103,1.0343657128214758,0.1125953807906692,2.239721754620673,3.7889981197423483,0.35922542158606746,0.28806436608337,0.17247714298291308,0.0
poolformer_s24,jetson_nano,49.62552346482958,39.164957199803176,60.08608972985598,Extra Trees + log1p target,21.07900438055828,,21.388968,6.788583424,3.394291712,81.59243774414062,0.223559,4.4731,0.3173871271682146,0.041600566967288415,1.0000017629,1.517648921686016,145.2007936212664,0.08320113393457683,3.108568337543035,2.0526589979038943,4.41391812360135,1.4803063604706652,0.20176382505096732,1.6998451835095676,4.98498097562698,0.923325498453277,0.6271966382150093,0.41415233094237525,0.0
pvt_v2_b0,jetson_nano,9.91466945648411,7.82475584743395,12.004583065534268,Extra Trees + log1p target,21.07900438055828,,3.66676,1.057670144,0.528835072,13.987579345703123,0.128839,7.761619,0.2884480728359443,0.03780747341068565,0.999999230341,0.13626916368281602,3.87822257721344,0.0756149468213713,1.5404650407471516,0.7215743446822828,2.7072218144649316,0.42450605454944373,0.12118967092419505,2.1703807052232755,1.5847809275378104,0.12775023209477762,0.18668845135837403,0.08744735737938754,0.0
pvt_v2_b1,jetson_nano,40.11159690204143,31.656471633948236,48.56672217013462,Extra Trees + log1p target,21.07900438055828,,14.009,4.0677888,2.0338944,53.44009399414063,0.213174,4.691004,0.29036965590908304,0.03805933354390563,1.0000000866960002,0.8671468096512,56.985653299199996,0.07611866708781126,2.7086500211741775,1.6229045883466555,3.99710090434571,1.109847074783369,0.19324006567616797,1.7388866824849114,4.060195623038308,0.6244114954537412,0.5234197079854518,0.31361018923826206,0.0
pvt_v2_b2_li,jetson_nano,48.19310499745351,38.03447828391324,58.35173171099378,Extra Trees + log1p target,21.07900438055828,,22.553512,7.500561024,3.750280512,86.03482055664062,0.368771,2.71171,0.3325673044372289,0.043590263153286374,1.00000000841,2.7659893893815037,169.1639930615163,0.08718052630657275,3.159274938855404,2.1401321641417095,4.466308274864633,1.5582036714607574,0.3139132569307329,1.3114926868720373,5.136762637127674,1.3260106127539613,0.991738285595742,0.6718158579079418,0.0
regnety_040s_gn,jetson_nano,50.82581520138753,40.112239388632595,61.53939101414246,Extra Trees + log1p target,21.07900438055828,,20.646656,7.946685696,3.973342848,78.7607421875,0.268862,3.719385,0.38488970374235404,0.050448265051803165,1.00000128987,2.136561809597952,164.0724859054326,0.10089653010360633,3.0748509852439185,2.191283150407774,4.3790314308698175,1.6040922192424043,0.23812043577394476,1.5516784944979538,5.106384685950618,1.1431272349117254,0.7321848565462252,0.5217892986792018,0.0
repvgg_b0,jetson_nano,44.54161790047481,35.152688312062196,53.93054748888743,Extra Trees + log1p target,21.07900438055828,,15.81796,6.79451136,3.39725568,60.340728759765625,0.0994,10.060349,0.42954407081924156,0.05630120307668609,0.9999986906,0.675374429184,107.4753089120256,0.11260240615337218,2.822447363003787,2.0534198142074738,4.116444039276855,1.4809806372458767,0.09476457644442295,2.4033665507500426,4.686522579451971,0.5160366801070723,0.2674680288917323,0.19459145895595692,0.0
resmlp_12_224_dino,jetson_nano,38.8980536893484,30.698731248218742,47.09737613047806,Extra Trees + log1p target,21.07900438055828,,15.350872,6.019479552,3.009739776,58.558929443359375,0.110587,9.042661,0.3921262036367573,0.051396768233517263,1.0000007520070002,0.665676185217024,92.40426010936935,0.10279353646703453,2.794281229254424,1.9486890773976324,4.086966233231153,1.3887263454472003,0.10488870437238437,2.3068421189873667,4.536936955643977,0.51023115823658,0.2930885377885701,0.20439547255285473,0.0
resmlp_12_distilled_224,jetson_nano,38.87563361966548,30.681037106006407,47.07023013332455,Extra Trees + log1p target,21.07900438055828,,15.350872,6.019479552,3.009739776,58.558929443359375,0.110248,9.07046,0.3921262036367573,0.051396768233517263,1.0000000740800001,0.663635581648896,92.40426010936935,0.10279353646703453,2.794281229254424,1.9486890773976324,4.086966233231153,1.3887263454472003,0.10458341379237011,2.3096063859254925,4.536936955643977,0.5090053170017826,0.2922354700513681,0.20380055613414855,0.0
resnest14d,jetson_nano,71.50759054554878,56.434502402020875,86.58067868907668,Extra Trees + log1p target,21.07900438055828,,10.611688,5.558678272,2.779339136,40.480377197265625,0.169885,5.886324,0.5238259688914744,0.06865892216856163,0.99999815274,0.94433605823872,58.98695951484313,0.13731784433712327,2.4520121770449532,1.8807890997287566,3.725220476793116,1.3295491626006133,0.15690545338053674,1.929537415798966,4.09412719718075,0.6649205605624054,0.3847340823338353,0.2951060664061121,0.0
resnest26d,jetson_nano,51.76042683521694,40.8498441952259,62.67100947520798,Extra Trees + log1p target,21.07900438055828,,17.069448,7.327728128,3.663864064,65.11477661132812,0.24087,4.151612,0.4292890841409116,0.05626778126878824,0.9999987824400001,1.7650298741913601,125.08027423903336,0.11253556253757648,2.894222556268145,2.1195906852466497,4.191392271213516,1.5398443028258457,0.21581274650490323,1.6393096754070637,4.83691880122644,1.017051439325103,0.6246101188646702,0.4574346872492894,0.0
resnet18d,jetson_nano,29.425443597545097,23.22285305261986,35.628034142470334,Extra Trees + log1p target,21.07900438055828,,11.708744,4.13394688,2.06697344,44.665313720703125,0.063232,15.814857,0.35306489978217137,0.046276925460505554,1.000005037824,0.26139772911616,48.40332572751871,0.09255385092101111,2.5422902604914537,1.6358747356872014,3.8213390101671942,1.1206912251663483,0.06131332578187649,2.8222628408444446,3.9000177443472315,0.23222041495735185,0.15587627097360415,0.10030092060753047,0.0
resnet32ts,jetson_nano,44.01066981442797,34.73365879633166,53.28768083252428,Extra Trees + log1p target,21.07900438055828,,17.963616,7.055362048,3.527681024,68.5257568359375,0.137383,7.278917,0.39275843211308725,0.05147963532845383,0.999999454211,0.969286804240384,126.73981457124556,0.10295927065690766,2.9425221959422214,2.0863379626082996,4.241697285870739,1.510209893189818,0.1287300094099526,2.1137121627410322,4.849995496521661,0.6776714488974563,0.3787909099726366,0.26857430555890777,0.0
resnet33ts,jetson_nano,43.93571071130422,34.67450032583899,53.196921096769444,Extra Trees + log1p target,21.07900438055828,,19.676256,7.247500288,3.623750144,75.0589599609375,0.142349,7.024985,0.36833734627475134,0.04827871446136708,0.999999589765,1.031674418496512,142.60367102676173,0.09655742892273415,3.0289859887622694,2.109910159040272,4.331508828477325,1.5312060953080786,0.13308666874951802,2.082559799855454,4.967057220540579,0.7088602897606413,0.40311765493333546,0.28080091442743554,0.0
resnet34d,jetson_nano,42.39479581566529,33.45839494855247,51.33119668277811,Extra Trees + log1p target,21.07900438055828,,21.816904,7.843358208,3.921679104,83.22488403320312,0.10711,9.336217,0.3595082899247166,0.04712147217067852,1.00000220287,0.84010209765888,171.11779306154804,0.09424294434135704,3.127501664765355,2.179666692293263,4.433490412422605,1.5936497535818133,0.10175301645020415,2.335653941401906,5.148179085796329,0.609821057939587,0.31823272834291005,0.22178766079687845,0.0
resnetblur18,jetson_nano,39.832024298057355,31.435830151404808,48.2282184447099,Extra Trees + log1p target,21.07900438055828,,11.689512,4.692731904,2.346365952,44.59194946289063,0.075288,13.282346,0.40144802473807084,0.05261859881981712,1.000001265648,0.353306399588352,54.855745904590854,0.10523719763963424,2.5407758255101123,1.7391902566415576,3.819731154067674,1.2078749665781932,0.07258853267570452,2.659024229132304,4.022772401236586,0.3025507829654826,0.1844311890316809,0.12624526877349262,0.0
resnext26ts,jetson_nano,19.891708461128264,15.698734363239156,24.08468255901737,Extra Trees + log1p target,21.07900438055828,,10.297952,3.684610048,1.842305024,39.2835693359375,0.113439,8.815286,0.3578002393291172,0.04689759632959374,0.9999972285540001,0.41797847923507203,37.9439374130217,0.09379519265918748,2.424621470354481,1.5442826780746837,3.695943677031143,1.0446153511500953,0.10745342399645394,2.2839409663767376,3.6621231097018763,0.3492322511506704,0.2605338788849056,0.16593846137753837,0.0
rexnet_130,jetson_nano,11.165437685509682,8.811874586672591,13.519000784346773,Extra Trees + log1p target,21.07900438055828,,7.557091,1.32463174,0.66231587,28.828014373779297,0.080264,12.45894,0.1752832623977583,0.022974730012195483,1.00000436016,0.10632024197936,10.01036260066834,0.045949460024390966,2.146760295947561,0.8435616350962281,3.395448031570238,0.5082117325268787,0.07720545570889745,2.599643569258136,2.3988368839496266,0.10103941089880626,0.165741606946399,0.06512756045614694,0.0
rexnet_150,jetson_nano,12.940552497843964,10.212812869954991,15.668292125732936,Extra Trees + log1p target,21.07900438055828,,9.728593,1.751856556,0.875928278,37.11163711547852,0.095451,10.476528,0.18007294332562343,0.023602522617687086,0.9999950741279999,0.16721646012675598,17.04309942770571,0.04720504523537417,2.3729124203652177,1.0122757951661063,3.6405196715983434,0.6291036185099129,0.09116615061853311,2.440303906123125,2.892763308508202,0.15462182036034458,0.2163292911196034,0.09228528760960862,0.0
rexnet_200,jetson_nano,24.9341280732183,19.678262124410605,30.189994022025996,Extra Trees + log1p target,21.07900438055828,,16.36662,3.057968572,1.528984286,62.43370056152344,0.136062,7.349589,0.1868417782754302,0.024489726666186977,0.9999997785179999,0.41607331984346396,50.04860958986664,0.048979453332373954,2.854549972947486,1.400682496671809,4.14999527481624,0.9278177541453925,0.1275678962744527,2.1222123160944575,3.9327783079981677,0.3478877734814823,0.3641489348592067,0.17868211944887077,0.0
rexnetr_100,jetson_nano,10.694148660639772,8.439928596000101,12.948368725279444,Extra Trees + log1p target,21.07900438055828,,4.883304,0.837932576,0.418966288,18.628326416015625,0.060647,16.488792,0.17159128418151232,0.022490816198549073,0.999995768424,0.050818096936672004,4.091879500111104,0.04498163239709815,1.7721185088630727,0.6086413399091758,2.9769737482104106,0.34992864031993237,0.058879099277972614,2.8615602186063245,1.6276470158650922,0.04956900073716606,0.10434074161568165,0.03583625387719064,0.0
rexnetr_130,jetson_nano,11.131408069795087,8.785018075145164,13.477798064445011,Extra Trees + log1p target,21.07900438055828,,7.60808,1.322185312,0.661092656,29.02252197265625,0.079927,12.511444,0.17378696572762567,0.022778607380993462,1.0000021845879998,0.10567830543222399,10.05929162852096,0.045557214761986924,2.1527012970565402,0.8425086871541624,3.401947832425404,0.507475612338424,0.07689344625905349,2.6035370300502274,2.403270945988862,0.100458997710101,0.16552862149701184,0.0647833964584743,0.0
rexnetr_150,jetson_nano,13.011956753402773,10.269165819356655,15.75474768744889,Extra Trees + log1p target,21.07900438055828,,9.782256,1.744980896,0.872490448,37.31634521484375,0.09385,10.655273,0.17838223796410174,0.023380918458006467,0.99999737105,0.1637664570896,17.069849839781376,0.04676183691601293,2.37790182002344,1.0097741153744346,3.6458765731586196,0.6272693351946241,0.08970358308177862,2.4557586956368196,2.8942447946515895,0.1516616909395266,0.21330631347278523,0.0905803562523201,0.0
rexnetr_200,jetson_nano,25.846538412836445,20.398345448571973,31.294731377100916,Extra Trees + log1p target,21.07900438055828,,16.522432,3.118974752,1.559487376,63.028076171875,0.136235,7.340245,0.18877212284655656,0.02474274079070097,0.999998277575,0.42491352533872,51.53304824963686,0.04948548158140194,2.86348188866003,1.4156042857920401,4.159321677348812,0.9398069946900146,0.12772016510228132,2.1210925924379755,3.961442462020834,0.354111127906439,0.3657243795870514,0.1808012131008564,0.0
sedarknet21,jetson_nano,43.99472198976387,34.721072614327106,53.26837136520063,Extra Trees + log1p target,21.07900438055828,,20.950432,5.997751296,2.998875648,79.9195556640625,0.104509,9.568564,0.2862829277084631,0.037523677222154904,1.0000010550760001,0.626818990193664,125.65548067975986,0.07504735444430981,3.0887868204209044,1.9455888540170185,4.393455521232349,1.3860132336072541,0.0994008923283128,2.357883934456074,4.841470649729779,0.4866265683253518,0.30702816616177,0.19339326819331115,0.0
semobilevit_s,jetson_nano,8.680063832632136,6.850392797116354,10.509734868147918,Extra Trees + log1p target,21.07900438055828,,0.0,0.0,0.0,0.0,0.133504,7.490395,0.0,0.0,0.9999976940800002,0.0,0.0,0.0,0.0,0.0,0.0,0.0,0.12531371985203,2.138935524564897,0.0,0.0,0.0,0.0,0.0
seresnet18,jetson_nano,21.456682575485097,16.93382751547611,25.979537635494083,Extra Trees + log1p target,21.07900438055828,,11.779624,3.648243712,1.824121856,44.93569946289063,0.061817,16.176902,0.309707967104216,0.04059404520702686,1.0000075509339998,0.225523481544704,42.97493918772429,0.08118809041405373,2.5478520275463175,1.5364894519099497,3.827242580839251,1.0381974688416982,0.05998159158739242,2.8435655743350092,3.7836199077397614,0.20336808458965683,0.1528242197413929,0.09216108278279903,0.0
seresnet33ts,jetson_nano,43.54999259513747,34.37008774827564,52.7298974419993,Extra Trees + log1p target,21.07900438055828,,19.7792,7.247700992,3.623850496,75.45166015625,0.146518,6.825088,0.3664304231500555,0.04802877021482012,0.999998243584,1.061918653945856,143.3537274609664,0.09605754042964024,3.0339524863736886,2.109934493875185,4.3366586477213716,1.5312277986674494,0.13672952314896808,2.0573349823693707,4.972266728158416,0.723636934741839,0.4148308767185005,0.2884903372231134,0.0
seresnet34,jetson_nano,42.87647521414007,33.838541125522504,51.91440930275764,Extra Trees + log1p target,21.07900438055828,,21.960416,7.357796352,3.678898176,83.7723388671875,0.108308,9.23293,0.3350481164360404,0.04391542819303505,1.00000018244,0.7969082072924161,161.58026873320242,0.0878308563860701,3.133771689754127,2.1231947980911645,4.439969296981557,1.5430626497323463,0.10283452803562215,2.3256109514675205,5.091171841246094,0.5860675254129416,0.3222599326872598,0.21833773498939296,0.0
seresnext26d_32x4d,jetson_nano,38.717902101666645,30.55655382159607,46.87925038173722,Extra Trees + log1p target,21.07900438055828,,16.809512,5.50587392,2.75293696,64.12319946289062,0.146667,6.818166,0.3275451180530929,0.04293199559796114,0.9999999527219999,0.80753001022464,92.55105372872706,0.08586399119592228,2.879732696589285,1.8727054488286465,4.176280852288503,1.3225387227829253,0.13685947341482943,2.0564500001972763,4.538507316459197,0.5919612780801107,0.3941187004306763,0.2562974815877704,0.0
seresnext26t_32x4d,jetson_nano,38.806065821218084,30.626133506841196,46.98599813559497,Extra Trees + log1p target,21.07900438055828,,16.806976,5.441849344,2.720924672,64.113525390625,0.14598,6.850273,0.32378513661320535,0.04243916728932052,1.00000285254,0.7944011672371201,91.46103132022374,0.08487833457864104,2.87959029063369,1.8628156641096145,4.1761322909315695,1.313972205139148,0.13626016613327896,2.0605483082596723,4.526787272729147,0.5846713547124596,0.3923734513975236,0.25382757186725047,0.0
seresnext26tn_32x4d,jetson_nano,38.78871773710404,30.612442226137492,46.964993248070584,Extra Trees + log1p target,21.07900438055828,,16.806976,5.441849344,2.720924672,64.113525390625,0.146004,6.84915,0.32378513661320535,0.04243916728932052,1.0000032965999999,0.794531771621376,91.46103132022374,0.08487833457864104,2.87959029063369,1.8628156641096145,4.1761322909315695,1.313972205139148,0.13628110868785254,2.06040524567681,4.526787272729147,0.5847441364481669,0.3924337573743348,0.2538665839859566,0.0
seresnext26ts,jetson_nano,20.33105587024972,16.045471712746032,24.61664002775341,Extra Trees + log1p target,21.07900438055828,,10.388064,3.684786176,1.842393088,39.6273193359375,0.117455,8.513874,0.35471343084587936,0.04649300211019209,0.99999707067,0.43279656030207997,38.27779462260326,0.09298600422038418,2.4325657893508246,1.5443202745207747,3.7044407303664064,1.0446463339739047,0.11105377823841496,2.252751154281442,3.670659336864331,0.35962817107895956,0.2701456217209213,0.17150260129571823,0.0
skresnet18,jetson_nano,21.802263670318403,17.20656355619112,26.397963784445686,Extra Trees + log1p target,21.07900438055828,,11.958056,3.636555776,1.818277888,45.61636352539063,0.076442,13.081743,0.30410925253157767,0.0398602104073402,0.9999945984059999,0.27798559662899197,43.48613761653145,0.0797204208146804,2.5617176796730035,1.533971800949617,3.8419516281068877,1.0361260203960716,0.07366115806145662,2.6448791356818595,3.795177626406308,0.24528508564847815,0.188699090911221,0.11299413929156701,0.0
skresnet34,jetson_nano,45.021225347356,35.53119928420582,54.51125141050618,Extra Trees + log1p target,21.07900438055828,,22.282376,7.33635776,3.66817888,85.00051879882812,0.141266,7.078858,0.32924484492834855,0.04315478174347085,1.000001954228,1.0363779153241601,163.47148207883777,0.0863095634869417,3.1476966795109504,2.120626401556494,4.454353328779825,1.5407690341699616,0.13213817254399043,2.0892505259103773,5.102737193953762,0.7111726980275827,0.4159308869533637,0.28021569735021357,0.0
ssl_resnet18,jetson_nano,20.853168169967322,16.457527937934728,25.248808401999916,Extra Trees + log1p target,21.07900438055828,,11.689512,3.648067584,1.824033792,44.59194946289063,0.057797,17.301868,0.31208037357929286,0.040905001307757524,0.999996064796,0.210847362152448,42.64412979997901,0.08181000261551505,2.5407758255101123,1.536451559891403,3.819731154067674,1.0381662855650693,0.05618844357084845,2.9070031311406557,3.776068789850821,0.191320413813059,0.14276223909785082,0.08633082177230017,0.0
